,id,lat,long
0,513d67a9fdc9f03587004128,42.276086,-71.06117999999998
1,513d6c8ffdc9f03587004fcc,42.385246,-71.173652
2,513d6c85fdc9f03587004fb2,42.341839,-71.08612199999999
3,513d6c9afdc9f03587004feb,42.282399,-71.096495
4,513d6934fdc9f03587004651,42.311942,-71.04588100000001
5,513d6867fdc9f03587004366,42.351856,-71.11022500000001
6,513d6b3cfdc9f03587004c8c,42.421966,-71.06429500000002
7,513d6a74fdc9f03587004a84,42.402378,-71.14039000000002
8,513d690efdc9f035870045be,42.339,-71.07750299999998
9,513d6af4fdc9f03587004bd6,42.334892,-71.10855400000003
10,513d678bfdc9f035870040db,42.33247,-71.14814999999999
11,513d6ba5fdc9f03587004d8c,42.3953,-70.98573199999998
12,513d6a1afdc9f03587004966,42.298967,-71.05700300000001
13,513d699dfdc9f035870047bb,42.370625,-70.98443199999997
14,513d678dfdc9f035870040e1,42.415254,-71.06812500000001
15,513d6b22fdc9f03587004c4e,42.390235,-71.09826299999997
16,513d6be2fdc9f03587004e1f,42.361996,-70.97509300000002
17,513d6991fdc9f03587004794,42.331102,-71.08626400000003
18,513d6b0cfdc9f03587004c14,42.355516,-71.05249100000003
19,513d6a2afdc9f035870049a1,42.284504,-71.10967599999998
20,513d6953fdc9f035870046b2,42.385789,-71.019675
21,513d6acbfdc9f03587004b6a,42.379479,-71.13163299999997
22,513d6779fdc9f035870040a7,42.416379,-71.096251
23,513d68d8fdc9f035870044fc,42.358459,-71.15088200000002
24,513d6980fdc9f0358700475f,42.396326,-71.118762
25,513d67c4fdc9f03587004166,42.403133,-71.13058999999998
26,513d699efdc9f035870047bf,42.311685,-71.10148900000002
27,513d6902fdc9f03587004594,42.340426,-71.08497999999997
28,513d6971fdc9f03587004721,42.400369,-71.10400300000003
29,513d6a23fdc9f03587004983,42.386596,-71.13496299999997
30,513d6c82fdc9f03587004fac,42.357263,-71.104107
31,513d6772fdc9f03587004096,42.415811,-71.012654
32,513d6c66fdc9f03587004f6d,42.411772,-71.05054100000001
33,513d6b68fdc9f03587004cf4,42.369529,-71.04351099999997
34,513d6b5cfdc9f03587004cd7,42.380387,-70.99178599999999
35,513d6958fdc9f035870046c4,42.36343,-71.11816199999998
36,513d6c80fdc9f03587004fa7,42.386721,-71.04580299999998
37,513d6ac6fdc9f03587004b5d,42.390075,-71.17672600000003
38,513d68f0fdc9f03587004553,42.354446,-71.13666599999999
39,513d6800fdc9f03587004206,42.408178,-71.12094200000001
40,513d6b0ffdc9f03587004c1d,42.367602,-71.11938099999998
41,513d69f0fdc9f035870048da,42.387074,-71.16490099999999
42,513d6af1fdc9f03587004bcf,42.317516,-71.096607
43,513d6b30fdc9f03587004c70,42.409724,-71.12935700000003
44,513d6a54fdc9f03587004a2a,42.403524,-71.05114100000003
45,513d6a46fdc9f035870049fc,42.274514,-71.08005600000001
46,513d68bbfdc9f0358700449b,42.383109,-71.13789099999997
47,513d6a72fdc9f03587004a7f,42.365048,-71.127272
48,513d6a18fdc9f0358700495f,42.368906,-71.15849400000002
49,513d6945fdc9f03587004683,42.406605,-71.06058200000001
50,513d6b6dfdc9f03587004cfe,42.365232,-71.15492599999999
51,513d67ddfdc9f035870041a6,42.391718,-71.17389200000002
52,513d6b49fdc9f03587004ca9,42.369691,-71.09231599999998
53,513d698ffdc9f0358700478f,42.387696,-71.038814
54,513d68e1fdc9f0358700451d,42.371749,-70.98207400000001
55,513d6b47fdc9f03587004ca2,42.356306,-71.114441
56,513d6bc8fdc9f03587004dda,42.293249,-71.07434899999998
57,513d6b11fdc9f03587004c22,42.418494,-71.093166
58,513d6772fdc9f03587004094,42.347729,-71.15493400000003
59,513d67bcfdc9f03587004156,42.298339,-71.10185100000001
60,513d6b98fdc9f03587004d68,42.401345,-71.09537599999999
61,513d685cfdc9f03587004343,42.272428,-71.09042799999997
62,513d69f0fdc9f035870048d8,42.383579,-71.13261899999998
63,513d6875fdc9f03587004398,42.382596,-71.178426
64,513d6a34fdc9f035870049bc,42.270925,-71.085466
65,513d6c89fdc9f03587004fbc,42.350749,-71.089856
67,513d688ffdc9f035870043f9,42.302845,-71.11841600000002
68,513d6835fdc9f035870042bd,42.340719,-71.15678200000002
69,513d6b9dfdc9f03587004d76,42.30718,-71.05852900000002
70,513d69e5fdc9f035870048b3,42.414161,-71.04173100000003
71,513d6c06fdc9f03587004e75,42.34003,-71.064394
72,513d6b6bfdc9f03587004cf8,42.340811,-71.12776600000001
73,513d67aefdc9f03587004134,42.418268,-71.09412099999997
74,513d6967fdc9f035870046fc,42.38258,-71.03203400000001
75,513d6a26fdc9f03587004990,42.362299,-71.09052200000002
76,513d6abafdc9f03587004b3c,42.282934,-71.06566399999997
77,513d6b31fdc9f03587004c73,42.331085,-71.068329
78,513d6881fdc9f035870043c8,42.394482,-71.06717000000003
79,513d6b1efdc9f03587004c44,42.346034,-71.15585099999998
80,513d6aa1fdc9f03587004afa,42.276856,-71.06064200000003
81,513d6c5bfdc9f03587004f53,42.395436,-71.02664500000003
82,513d69f6fdc9f035870048ea,42.389613,-71.071146
83,513d69a3fdc9f035870047d5,42.39031,-71.17546600000003
84,513d6bd6fdc9f03587004dfe,42.391763,-71.15362700000003
85,513d6b07fdc9f03587004c05,42.370162,-70.98415899999998
86,513d6b6ffdc9f03587004d01,42.378356,-71.07628999999997
87,513d69e4fdc9f035870048ad,42.381688,-71.05553600000002
88,513d68bffdc9f035870044aa,42.30024,-71.07470799999999
89,513d69e6fdc9f035870048b8,42.363928,-71.120901
90,513d6856fdc9f0358700432f,42.351531,-71.14387499999998
91,513d6a87fdc9f03587004ab3,42.42261,-71.03250200000002
92,513d69c1fdc9f0358700483b,42.327,-71.13915299999996
93,513d6a48fdc9f03587004a02,42.420037,-71.00335799999999
94,513d68d8fdc9f035870044f9,42.368131,-71.17763200000002
95,513d6c78fdc9f03587004f96,42.326949,-71.09619099999998
96,513d68c6fdc9f035870044c3,42.309369,-71.05972300000002
97,513d67e3fdc9f035870041b6,42.320546,-71.10226999999998
98,513d6c3efdc9f03587004f0a,42.389869,-71.138442
99,513d6812fdc9f03587004242,42.282315,-71.06425899999999
100,513d68f2fdc9f0358700455b,42.367201,-71.14853399999998
101,513d6ae8fdc9f03587004bb3,42.367826,-71.02795800000001
102,513d6be4fdc9f03587004e23,42.29197,-71.10300799999999
104,513d6c11fdc9f03587004e92,42.374957,-71.184324
105,513d67f6fdc9f035870041e9,42.374671,-71.088277
106,513d6ae1fdc9f03587004ba2,42.388705,-71.089359
107,513d67fffdc9f03587004204,42.412746,-71.13105999999999
108,513d6bb3fdc9f03587004dab,42.357183,-71.13468799999998
109,513d6b42fdc9f03587004c98,42.389263,-71.08542799999998
110,513d6c2cfdc9f03587004eda,42.316973,-71.10402199999999
111,513d6b7afdc9f03587004d1d,42.299567,-71.10318699999999
112,513d6896fdc9f0358700440e,42.358017,-71.168478
113,513d69aefdc9f035870047fd,42.312415,-71.07304599999998
115,513d6c14fdc9f03587004e9a,42.360537,-71.06037600000002
116,513d68ddfdc9f0358700450d,42.361734,-71.06264499999997
117,513d689dfdc9f0358700442f,42.313667,-71.11404600000003
118,513d69fefdc9f03587004906,42.421222,-71.02834999999999
119,513d6977fdc9f03587004739,42.342916,-71.149587
120,513d67f7fdc9f035870041eb,42.426486,-71.073532
121,513d6bb1fdc9f03587004da8,42.389829,-70.996939
122,513d6b8bfdc9f03587004d46,42.377481,-71.03914900000001
123,513d67d2fdc9f0358700418a,42.393184,-71.12355400000001
124,513d68dafdc9f03587004506,42.393968,-70.98940099999999
125,513d682afdc9f03587004298,42.343141,-71.09945500000003
126,513d6950fdc9f035870046a6,42.321993,-71.09680000000003
127,513d69bbfdc9f0358700482b,42.275464,-71.094153
128,513d6b90fdc9f03587004d55,42.40173,-71.15476000000001
129,513d67f0fdc9f035870041d9,42.317132,-71.05679299999997
130,513d6880fdc9f035870043c6,42.349959,-71.15700700000002
131,513d6c16fdc9f03587004ea0,42.299853,-71.048769
132,513d6b5bfdc9f03587004cd3,42.418596,-71.07763699999998
135,513d6b3efdc9f03587004c8f,42.395624,-71.10421500000001
136,513d6a6afdc9f03587004a6a,42.399302,-71.12695100000002
137,513d688afdc9f035870043ea,42.389861,-71.13405599999999
138,513d692cfdc9f0358700462f,42.38904,-71.14545099999998
139,513d6c4bfdc9f03587004f29,42.317462,-71.11675200000002
140,513d6a71fdc9f03587004a7d,42.319822,-71.04780199999999
141,513d6849fdc9f03587004302,42.349609,-71.04064599999998
142,513d6ba4fdc9f03587004d88,42.412224,-71.02060899999998
144,513d6b43fdc9f03587004c99,42.311809,-71.11765500000001
145,513d684dfdc9f03587004311,42.324326,-71.116847
149,513d69f8fdc9f035870048f1,42.335074,-71.107599
150,513d6923fdc9f03587004613,42.34435,-71.060946
151,513d6bc3fdc9f03587004dcc,42.308804,-71.121307
152,513d6b8cfdc9f03587004d4b,42.420705,-71.00525700000003
153,513d6899fdc9f0358700441d,42.369334,-70.986087
154,513d67f4fdc9f035870041e3,42.355894,-71.11383699999999
155,513d68eafdc9f0358700453c,42.299364,-71.061849
156,513d694bfdc9f03587004696,42.404003,-71.05662999999998
157,513d684bfdc9f0358700430d,42.3245,-71.05959899999999
158,513d6b50fdc9f03587004cb9,42.383203,-71.11614099999997
159,513d67d6fdc9f03587004196,42.389996,-71.149902
160,513d6c6cfdc9f03587004f7a,42.320058,-71.05404599999997
161,513d683ffdc9f035870042e1,42.385289,-71.12984499999999
162,513d69c8fdc9f03587004855,42.389046,-71.101992
163,513d69fcfdc9f035870048fe,42.403638,-71.046266
164,513d6b41fdc9f03587004c96,42.383693,-71.12887799999999
165,513d6b0dfdc9f03587004c18,42.381599,-71.10083600000002
166,513d68c4fdc9f035870044ba,42.289169,-71.07951600000001
167,513d691bfdc9f035870045f2,42.264659,-71.07486
168,513d6a37fdc9f035870049c4,42.333717,-71.14124800000002
169,513d6c36fdc9f03587004ef8,42.409439,-71.00872800000002
173,513d69defdc9f0358700489f,42.368903,-71.02794399999999
174,513d6a01fdc9f0358700490f,42.323312,-71.05589600000002
175,513d688dfdc9f035870043f4,42.381579,-71.06674299999997
177,513d6b90fdc9f03587004d53,42.290163,-71.091385
179,513d69a8fdc9f035870047eb,42.331007,-71.12778100000003
180,513d67d1fdc9f03587004187,42.381852,-71.07207399999999
181,513d69a2fdc9f035870047d1,42.412394,-71.02122099999997
183,513d6c09fdc9f03587004e7f,42.290503,-71.057639
184,513d692efdc9f03587004638,42.354558,-71.15166099999999
186,513d69c3fdc9f03587004842,42.377023,-71.17767600000002
187,513d688ffdc9f035870043f7,42.315041,-71.059931
188,513d67bbfdc9f03587004153,42.334817,-71.123603
189,513d6866fdc9f03587004363,42.359153,-71.12038799999999
190,513d6adcfdc9f03587004b92,42.294432,-71.067633
191,513d6b12fdc9f03587004c25,42.407219,-71.03477199999998
192,513d6ab3fdc9f03587004b2e,42.28971,-71.102328
193,513d6ae2fdc9f03587004ba4,42.341843,-71.17325399999999
194,513d6b1dfdc9f03587004c3f,42.294787,-71.08493699999997
195,513d6c1dfdc9f03587004eb4,42.329083,-71.16614800000002
196,513d6c6efdc9f03587004f7f,42.330292,-71.050141
197,513d6bdffdc9f03587004e17,42.394759,-71.13083899999998
198,513d699cfdc9f035870047b7,42.300766,-71.07579399999997
201,513d67b5fdc9f03587004143,42.342125,-71.04900399999997
203,513d697dfdc9f03587004752,42.348815,-71.04702700000001
204,513d697dfdc9f03587004755,42.422546,-71.072225
205,513d67c9fdc9f03587004174,42.323262,-71.10824600000001
207,513d6ba6fdc9f03587004d90,42.392582,-71.16429599999998
208,513d6811fdc9f0358700423c,42.391583,-71.035774
210,513d6a86fdc9f03587004ab1,42.370337,-71.15374500000001
211,513d69d3fdc9f0358700487e,42.388008,-71.03863999999999
212,513d69edfdc9f035870048d1,42.330785,-71.08129200000002
213,513d68effdc9f03587004550,42.371479,-71.09022900000002
214,513d6c01fdc9f03587004e6b,42.356519,-71.094312
215,513d6a92fdc9f03587004acf,42.28382,-71.06253300000003
216,513d6c81fdc9f03587004faa,42.381251,-71.06120199999998
217,513d6b46fdc9f03587004c9f,42.351445,-71.11938099999998
218,513d69c9fdc9f0358700485a,42.408117,-71.054532
219,513d6911fdc9f035870045c9,42.308361,-71.11792600000001
220,513d6c2ffdc9f03587004ee2,42.372913,-71.04032799999999
221,513d6bddfdc9f03587004e11,42.389218,-71.09724599999998
222,513d6afcfdc9f03587004be6,42.342903,-71.07361400000002
223,513d6b8dfdc9f03587004d4e,42.420126,-71.08934399999998
224,513d6a4cfdc9f03587004a13,42.407632,-71.14422000000002
226,513d6ae9fdc9f03587004bb6,42.34883,-71.10870899999998
228,513d6b63fdc9f03587004ce7,42.347649,-71.044623
230,513d69d0fdc9f03587004875,42.411165,-71.12588900000003
231,513d6988fdc9f03587004776,42.298576,-71.06759999999997
232,513d67adfdc9f03587004131,42.386993,-71.00765200000001
233,513d6922fdc9f0358700460e,42.38377,-71.10888399999999
234,513d6c1ffdc9f03587004ebb,42.414865,-71.06809499999997
235,513d6afbfdc9f03587004be3,42.424119,-71.04538400000001
237,513d6c01fdc9f03587004e6d,42.388167,-71.09975099999997
238,513d6978fdc9f0358700473d,42.382395,-71.019117
239,513d6c12fdc9f03587004e94,42.328494,-71.05692499999998
241,513d6a6bfdc9f03587004a6c,42.35633,-71.13583599999998
242,513d69e4fdc9f035870048ae,42.348488,-71.04990700000002
243,513d6b4efdc9f03587004cb4,42.386676,-71.022898
247,513d6987fdc9f03587004771,42.327891,-71.13675999999998
249,513d69d4fdc9f03587004884,42.411432,-71.10456699999997
250,513d685dfdc9f03587004346,42.333053,-71.08137799999997
251,513d6b16fdc9f03587004c31,42.428259,-71.04626300000001
254,513d6b78fdc9f03587004d18,42.292343,-71.05810099999997
255,513d6953fdc9f035870046b4,42.368664,-71.110501
257,513d69aafdc9f035870047f2,42.374166,-70.97674
259,513d6827fdc9f0358700428c,42.404183,-71.002163
260,513d6aeffdc9f03587004bc8,42.321201,-71.07899099999997
263,513d6806fdc9f0358700421a,42.366038,-71.04898300000002
264,513d68e1fdc9f0358700451b,42.323065,-71.07237700000002
265,513d7bf9fdc9f03587006d3a,40.831343,-73.881729
266,513d7cc7fdc9f03587006fdf,40.708768,-73.865792
267,513d7dd3fdc9f03587007296,40.836394,-73.87046499999997
268,513d9c2cfdc9f03587007c53,40.62568,-74.01662799999997
269,513d9b63fdc9f035870079cc,40.880605,-73.88968999999997
270,513d79fafdc9f0358700668f,40.915116,-73.84960799999999
271,513d9c59fdc9f03587007ce5,40.676366,-73.77976100000001
272,513d7dcafdc9f03587007284,40.813678,-73.89373499999999
273,513d7a11fdc9f035870066e1,40.701586,-73.89315099999999
274,513d9afafdc9f03587007874,40.889328,-73.83355399999999
275,513d7db4fdc9f03587007252,40.594527,-73.97713799999997
276,513d7edffdc9f035870074ca,40.677272,-73.96900700000003
277,513d9d1efdc9f03587007f7c,40.699452,-73.98295999999999
278,513d7ef1fdc9f035870074f3,40.760866,-73.91192799999999
279,513d7a7dfdc9f0358700684f,40.822176,-73.911948
280,513d7a67fdc9f03587006806,40.815278,-73.93417999999997
281,513d7be5fdc9f03587006cfa,40.681089,-73.88105200000001
282,513d7e66fdc9f035870073ca,40.822442,-73.893842
283,513d9b47fdc9f03587007976,40.695553,-73.90400199999999
284,513d7d63fdc9f035870071b1,40.769518,-73.87842799999999
285,513d9cc0fdc9f03587007e4a,40.789127,-73.95465000000002
286,513d7afafdc9f035870069e6,40.862771,-73.843635
287,513d7cc2fdc9f03587006fce,40.849537,-73.90928099999996
288,513d7dcdfdc9f03587007288,40.857441,-73.86023
289,513d7b01fdc9f035870069fd,40.711175,-73.96588300000002
290,513d7997fdc9f03587006558,40.886725,-73.81329
291,513d9b16fdc9f035870078ce,40.575304,-73.99427000000003
292,513d9d62fdc9f03587008058,40.874001,-73.83687800000001
293,513d7d60fdc9f035870071ab,40.774753,-73.83815300000003
294,513d7e03fdc9f035870072ff,40.877257,-73.890289
295,513d78c9fdc9f035870062ab,40.868157,-73.88558
296,513d7e21fdc9f03587007335,40.637156,-73.89762999999999
297,513d9c61fdc9f03587007d05,40.816008,-73.95325200000002
298,513d9d71fdc9f0358700808a,40.679379,-73.99309599999998
299,513d9e9dfdc9f0358700847c,40.692055,-74.00063
300,513d7cb6fdc9f03587006fa7,40.619914,-74.01141999999999
301,513d9b3ffdc9f03587007951,40.742705,-73.95396099999999
302,513d9d32fdc9f03587007fbb,40.77297,-73.92902700000002
303,513d9bc6fdc9f03587007b01,40.771526,-73.99218300000001
304,513d7a0afdc9f035870066c6,40.664167,-73.919083
305,513d78bcfdc9f0358700627f,40.819417,-73.87786699999998
306,513d7e49fdc9f03587007391,40.678876,-73.84331400000002
307,513d7baefdc9f03587006c45,40.829867,-73.81528800000001
308,513d78f5fdc9f03587006345,40.889468,-73.819229
309,513d7d0afdc9f035870070b7,40.854421,-73.90902599999998
310,513d9af2fdc9f0358700785c,40.749965,-73.90244899999999
311,513d7939fdc9f03587006429,40.881027,-73.90137400000003
312,513d9da0fdc9f03587008131,40.883429,-73.86288300000001
313,513d7bcafdc9f03587006ca3,40.722239,-73.91610000000003
314,513d7e9dfdc9f0358700743e,40.751417,-73.90772300000003
315,513d7d22fdc9f03587007103,40.593601,-73.962129
316,513d7d5dfdc9f035870071a3,40.699764,-73.96058700000003
317,513d9ef7fdc9f035870085ab,40.713246,-73.79058900000001
318,513d7f6cfdc9f035870075ea,40.64421,-73.95396800000003
319,513d7aaffdc9f035870068fe,40.773789,-73.97153200000002
320,513d7f21fdc9f03587007557,40.756652,-73.88935600000002
321,513d9e41fdc9f03587008356,40.578956,-73.968143
322,513d9d31fdc9f03587007fb5,40.69133,-73.94523900000002
324,513d78a3fdc9f03587006225,40.815819,-73.85563000000002
325,513d7c40fdc9f03587006e2d,40.646843,-73.91132600000003
326,513d7ab6fdc9f03587006914,40.720163,-73.87417199999999
327,513d9b8ffdc9f03587007a54,40.659475,-74.00613800000002
328,513d9e46fdc9f03587008365,40.712716,-73.85399999999998
329,513d9e09fdc9f03587008298,40.666509,-73.88241199999999
330,513d7e6efdc9f035870073dd,40.678564,-73.94994500000001
331,513d7b7afdc9f03587006b9b,40.729089,-73.983385
332,513d9c9efdc9f03587007ddc,40.692192,-73.96297400000003
333,513d7ec8fdc9f0358700749b,40.793826,-73.842199
334,513d78d8fdc9f035870062dc,40.770249,-73.965844
335,513d785efdc9f03587006142,40.879904,-73.852191
336,513d9e86fdc9f03587008432,40.600372,-73.99582499999997
337,513d7ec1fdc9f03587007488,40.622923,-74.03854799999999
338,513d7cd2fdc9f03587007006,40.698802,-73.95811300000003
339,513d9b67fdc9f035870079d6,40.63706,-73.97262599999999
340,513d9c92fdc9f03587007dae,40.676609,-73.914488
341,513d7e12fdc9f03587007319,40.732585,-73.900101
342,513d9c30fdc9f03587007c5f,40.688697,-73.81500699999998
343,513d9df4fdc9f03587008253,40.847441,-73.92326800000001
344,513d7b21fdc9f03587006a66,40.663893,-73.91706699999997
345,513d9d4afdc9f03587008009,40.901568,-73.84132399999999
346,513d9dd2fdc9f035870081de,40.698254,-73.98005
347,513d7ce7fdc9f03587007046,40.860399,-73.89805999999999
348,513d9f4dfdc9f035870086ce,40.682437,-73.86870599999997
349,513d9d60fdc9f03587008050,40.625066,-73.93412599999999
350,513d7820fdc9f03587006066,40.733821,-73.99060400000002
351,513d7b9bfdc9f03587006c05,40.742655,-73.93019400000003
352,513d7b2afdc9f03587006a87,40.819047,-73.93024000000003
353,513d7d99fdc9f0358700721f,40.604911,-74.02507200000002
354,513d7f33fdc9f0358700757e,40.709596,-73.91671200000002
355,513d9ab7fdc9f0358700779e,40.652386,-73.88318800000002
356,513d9e94fdc9f0358700845a,40.830606,-73.89318300000002
357,513d7bb7fdc9f03587006c68,40.69315,-73.81965100000002
358,513d9f16fdc9f03587008618,40.58946,-73.968117
359,513d77f4fdc9f03587005fdc,40.831332,-73.83239800000001
360,513d7803fdc9f0358700600e,40.702425,-73.95798400000001
361,513d7d5ffdc9f035870071a8,40.630786,-73.947475
362,513d7b65fdc9f03587006b58,40.641353,-73.99198799999999
363,513d9c9ffdc9f03587007de1,40.733704,-73.878624
364,513d9e86fdc9f03587008433,40.6168,-73.98472700000002
365,513d9cb1fdc9f03587007e19,40.65589,-73.94217300000003
366,513d7957fdc9f03587006481,40.866483,-73.92467399999998
367,513d7bd4fdc9f03587006cc2,40.68825,-73.79123500000003
368,513d9b5dfdc9f035870079b9,40.87585,-73.858721
369,513d7a43fdc9f03587006785,40.646635,-73.93180999999998
370,513d7cb6fdc9f03587006fa6,40.712173,-73.826119
371,513d9ef5fdc9f035870085a7,40.665954,-73.91821299999998
372,513d9be8fdc9f03587007b74,40.669925,-73.886795
373,513d788afdc9f035870061cf,40.775083,-73.99073399999997
375,513d9b97fdc9f03587007a6d,40.7186,-73.946616
376,513d7a06fdc9f035870066b9,40.713408,-73.80774500000001
377,513d78ddfdc9f035870062f4,40.687982,-73.79952400000002
378,513d7f16fdc9f03587007538,40.781023,-73.94635099999999
379,513d7e62fdc9f035870073c4,40.824759,-73.89581399999997
380,513d9b29fdc9f03587007907,40.882821,-73.855211
382,513d9c7bfdc9f03587007d61,40.665532,-73.80742700000002
383,513d7f4efdc9f035870075ae,40.867209,-73.88023199999998
384,513d9dc1fdc9f035870081ad,40.627788,-74.02597100000003
386,513d7ef8fdc9f035870074ff,40.696714,-73.858451
387,513d9ee4fdc9f0358700856e,40.673392,-73.97927099999998
388,513d7b18fdc9f03587006a4c,40.75343,-73.998467
389,513d9b19fdc9f035870078d9,40.665028,-73.99497500000001
390,513d7d6dfdc9f035870071c4,40.63842,-74.01007900000002
391,513d7f43fdc9f0358700759c,40.863484,-73.91175599999997
392,513d788efdc9f035870061dd,40.698987,-73.81683900000002
393,513d9ee5fdc9f03587008570,40.827672,-73.84446400000002
394,513d7b13fdc9f03587006a40,40.647161,-73.89186000000001
395,513d9aecfdc9f0358700784d,40.810348,-73.939796
396,513d7c74fdc9f03587006ed4,40.83012,-73.90161999999998
397,513d7abffdc9f03587006931,40.720463,-73.80920200000003
398,513d7db0fdc9f0358700724d,40.755931,-73.864574
399,513d78fbfdc9f03587006355,40.658201,-73.986694
400,513d9dc7fdc9f035870081bc,40.746227,-73.98190599999998
401,513d9dc3fdc9f035870081b1,40.782545,-73.97138000000001
402,513d7c88fdc9f03587006f1c,40.753362,-73.88901199999998
403,513d784dfdc9f03587006104,40.876563,-73.89961700000003
404,513d7b58fdc9f03587006b2b,40.706336,-73.892086
405,513d7d57fdc9f0358700719b,40.66663,-73.918747
406,513d7f4cfdc9f035870075a8,40.676794,-73.94826799999998
407,513d9f1afdc9f0358700862a,40.779856,-73.82127400000002
408,513d9aa3fdc9f03587007755,40.696282,-73.99505899999997
409,513d9c3bfdc9f03587007c80,40.714838,-73.95175999999998
410,513d7c39fdc9f03587006e10,40.748407,-73.82063800000003
411,513d7c48fdc9f03587006e44,40.672428,-73.79660999999999
412,513d9dadfdc9f0358700816a,40.644196,-73.96499399999999
413,513d7843fdc9f035870060e4,40.757225,-73.96438
415,513d9cccfdc9f03587007e70,40.731761,-73.98770999999999
416,513d79f3fdc9f03587006676,40.670037,-73.78078499999998
417,513d78d6fdc9f035870062d8,40.836632,-73.83854100000002
418,513d9f35fdc9f03587008681,40.668779,-73.917347
419,513d9e64fdc9f035870083c1,40.827976,-73.90783999999996
420,513d9b94fdc9f03587007a63,40.58821,-73.97429399999999
421,513d9b5cfdc9f035870079b7,40.88144,-73.83234199999998
422,513d7db7fdc9f0358700725a,40.626689,-73.90138100000001
423,513d7897fdc9f035870061fe,40.711909,-73.96479099999999
424,513d9deffdc9f03587008240,40.769132,-73.83130599999998
425,513d79f1fdc9f03587006671,40.649265,-73.91294399999998
426,513d7b60fdc9f03587006b47,40.600105,-74.00903599999998
427,513d7f1bfdc9f03587007547,40.638536,-73.90400999999997
428,513d9b3afdc9f0358700793e,40.75228,-73.92772000000002
429,513d9e76fdc9f035870083fc,40.688035,-73.85637500000001
430,513d7ebdfdc9f0358700747f,40.606983,-73.96987200000001
431,513d9d92fdc9f03587008102,40.907432,-73.843636
432,513d9eb2fdc9f035870084bf,40.617694,-73.95610699999997
433,513d7a2ffdc9f03587006742,40.610958,-73.95160799999996
435,513d7f64fdc9f035870075d5,40.83631,-73.91024900000002
436,513d7ef4fdc9f035870074f8,40.686578,-73.94745599999999
437,513d7b88fdc9f03587006bca,40.78227,-73.95146699999998
438,513d797cfdc9f035870064fa,40.7331,-73.954005
439,513d78cffdc9f035870062c0,40.702398,-73.86049400000002
440,513d9ac4fdc9f035870077c9,40.592064,-73.99208399999998
441,513d7a39fdc9f03587006765,40.71171,-73.95103
442,513d7e34fdc9f03587007362,40.840559,-73.88320899999997
443,513d7c17fdc9f03587006d9f,40.834555,-73.94543599999997
444,513d7ec2fdc9f0358700748a,40.598572,-73.97964000000002
445,513d9d36fdc9f03587007fc7,40.708423,-73.84259099999997
446,513d7e38fdc9f0358700736a,40.856005,-73.90606300000002
447,513d7855fdc9f03587006120,40.655037,-74.00412599999999
448,513d9daafdc9f0358700815d,40.881665,-73.882496
449,513d9b7afdc9f03587007a15,40.735464,-73.918204
450,513d7d21fdc9f03587007100,40.612648,-73.99475699999999
453,513d9ac8fdc9f035870077da,40.633867,-73.97370599999999
454,513d9ae9fdc9f03587007845,40.645607,-73.87912799999998
455,513d9c01fdc9f03587007bc9,40.724827,-73.99615399999999
456,513d9e92fdc9f03587008458,40.690686,-73.95734199999998
457,513d9d61fdc9f03587008054,40.65303,-73.93347399999999
458,513d9a75fdc9f035870076d3,40.69851,-73.88927699999999
459,513d7f7afdc9f03587007604,40.657459,-73.97412500000002
460,513d9c5bfdc9f03587007cec,40.770708,-73.82263699999999
461,513d7c87fdc9f03587006f1a,40.769045,-73.956815
462,513d7867fdc9f0358700615f,40.687989,-73.78357699999998
463,513d9ae6fdc9f0358700783a,40.895552,-73.88145199999997
464,513d9e54fdc9f03587008390,40.631867,-73.94416100000001
465,513d7de0fdc9f035870072b3,40.761719,-73.826821
466,513d9e24fdc9f035870082f3,40.753576,-73.86458800000003
467,513d9cdafdc9f03587007ea0,40.72994,-73.91147699999999
468,513d7d11fdc9f035870070ce,40.791607,-73.823466
469,513d7d8afdc9f035870071ff,40.622031,-74.025757
470,513d7c20fdc9f03587006dbf,40.85639,-73.869553
471,513d7b0dfdc9f03587006a2e,40.72497,-73.79976799999997
472,513d7d2bfdc9f03587007123,40.668455,-73.82538799999998
473,513d9da8fdc9f03587008151,40.699464,-73.89131800000001
474,513d7f06fdc9f03587007517,40.742111,-73.86571900000001
475,513d7e64fdc9f035870073c8,40.773889,-73.96438799999999
476,513d9e56fdc9f03587008398,40.889135,-73.86417
478,513d7e83fdc9f0358700740d,40.843302,-73.90014400000001
479,513d9e78fdc9f03587008405,40.725485,-73.99175300000002
480,513d7a5afdc9f035870067d7,40.686753,-73.87933499999997
481,513d790ffdc9f0358700639e,40.598313,-73.94825900000001
482,513d9c8dfdc9f03587007d9c,40.664866,-73.92220199999997
483,513d7ef4fdc9f035870074f9,40.766269,-73.91747499999997
484,513d7a78fdc9f0358700683d,40.834091,-73.92970300000002
485,513d7a35fdc9f03587006758,40.758286,-73.894406
486,513d7947fdc9f03587006453,40.647995,-74.00604800000002
487,513d9b55fdc9f035870079a4,40.663642,-73.84814499999999
488,513d7a29fdc9f03587006733,40.737836,-73.87702200000001
489,513d9bf0fdc9f03587007b91,40.682574,-73.82709899999998
490,513d7dbdfdc9f03587007268,40.720803,-73.87581499999999
491,513d9c94fdc9f03587007db6,40.751922,-73.88339400000001
492,513d9debfdc9f03587008232,40.591637,-73.98136299999999
493,513d7ae3fdc9f035870069a6,40.657702,-73.999482
495,513d7a85fdc9f03587006874,40.830114,-73.90905099999998
496,513d7ab7fdc9f03587006918,40.883768,-73.85040100000003
497,513d7c79fdc9f03587006ee7,40.631548,-74.00459699999999
498,513d7ba7fdc9f03587006c2e,40.734143,-73.844134
499,513d9c57fdc9f03587007cdf,40.672845,-74.00679400000001
500,513d9b13fdc9f035870078c4,40.73019,-73.830443
501,513d78e4fdc9f0358700630c,40.58825,-73.95627200000001
502,513d7e45fdc9f03587007388,40.842846,-73.81761
503,513d7a50fdc9f035870067b1,40.811853,-73.94141300000001
504,513d9b4dfdc9f03587007987,40.85112,-73.844404
505,513d78e7fdc9f03587006316,40.864859,-73.910729
506,513d7858fdc9f0358700612c,40.632365,-73.95659699999999
507,513d7930fdc9f03587006409,40.723089,-73.97387900000001
508,513d7c04fdc9f03587006d64,40.656768,-73.928559
509,513d9ca7fdc9f03587007df8,40.718834,-73.82207800000003
510,513d7c25fdc9f03587006dd5,40.749036,-73.87065100000001
511,513d7ae2fdc9f035870069a4,40.764882,-73.927009
512,513d9b2dfdc9f03587007919,40.726088,-73.90926400000001
513,513d9d8ffdc9f035870080fb,40.758024,-73.893394
514,513d7ec6fdc9f03587007495,40.654241,-73.98162300000001
515,513d9b76fdc9f03587007a05,40.698392,-73.896209
517,513d7a9bfdc9f035870068c2,40.906378,-73.86704700000001
518,513d7d06fdc9f035870070ac,40.659088,-73.90314599999999
520,513d9ec8fdc9f03587008502,40.60332,-74.00438400000002
521,513d7b95fdc9f03587006bf6,40.785516,-73.84576500000003
522,513d786dfdc9f03587006176,40.688272,-73.94779299999999
523,513d7b14fdc9f03587006a41,40.63496,-73.92374699999999
524,513d7940fdc9f0358700643f,40.915203,-73.90207599999997
525,513d7ccefdc9f03587006ff9,40.913581,-73.85352499999999
526,513d7ed9fdc9f035870074bd,40.600123,-73.93326200000001
527,513d7daefdc9f03587007247,40.872165,-73.91627199999999
529,513d7f70fdc9f035870075f3,40.679588,-73.89437399999997
530,513d78c8fdc9f035870062a3,40.713363,-73.96233699999999
531,513d7b91fdc9f03587006be5,40.905818,-73.89865399999996
532,513d7cf2fdc9f0358700706d,40.747818,-73.834766
533,513d9ae8fdc9f03587007843,40.761557,-73.92445299999997
535,513d7a72fdc9f0358700682c,40.623375,-74.00636800000001
536,513d9b69fdc9f035870079da,40.785343,-73.967219
537,513d9e9bfdc9f03587008477,40.780132,-73.89697699999999
538,513d9d83fdc9f035870080d0,40.68879,-73.96078699999998
539,513d9abffdc9f035870077b7,40.694406,-73.79635000000002
540,513d9c6ffdc9f03587007d34,40.702711,-73.963055
541,513d78b9fdc9f03587006272,40.685067,-73.824588
542,513d9aa7fdc9f03587007762,40.895869,-73.83310399999999
543,513d7b55fdc9f03587006b1c,40.723987,-73.97673299999997
544,513d9e9afdc9f03587008470,40.826681,-73.891862
545,513d7a3dfdc9f0358700676d,40.606087,-74.00746900000001
546,513d7c23fdc9f03587006dcd,40.654127,-73.80663099999998
547,513d78d5fdc9f035870062d4,40.58875,-73.92057899999998
548,513d7e4efdc9f0358700739c,40.722212,-73.90217799999999
549,513d7b00fdc9f035870069fc,40.595699,-73.99073699999997
550,513d9d50fdc9f0358700801b,40.765986,-73.91329100000002
551,513d9dd9fdc9f035870081f3,40.802779,-73.92036100000001
553,513d9bbafdc9f03587007ae0,40.908738,-73.861403
554,513d7928fdc9f035870063ef,40.682207,-73.99124999999998
555,513d9bcdfdc9f03587007b16,40.647808,-74.001192
556,513d9a87fdc9f035870076f4,40.884635,-73.87788799999998
557,513d9d5bfdc9f03587008040,40.621603,-74.01683200000002
558,513d9d14fdc9f03587007f5c,40.826851,-73.907601
559,513d9c4bfdc9f03587007cba,40.793512,-73.949251
560,513d797afdc9f035870064f6,40.651577,-73.95177000000001
561,513d9b1afdc9f035870078db,40.626844,-74.004211
562,513d9ba0fdc9f03587007a8d,40.610556,-73.92119400000001
563,513d79dafdc9f03587006622,40.734191,-73.80298099999999
564,513d9f08fdc9f035870085ea,40.618188,-73.977172
565,513d9f1cfdc9f0358700862f,40.665527,-73.997296
566,513d79b4fdc9f035870065ad,40.919262,-73.876241
567,513d9f4ffdc9f035870086d5,40.676791,-73.99981000000002
568,513d9f14fdc9f03587008612,40.781063,-73.84142600000001
569,513d9c38fdc9f03587007c7b,40.843067,-73.87886900000001
570,513d78affdc9f03587006250,40.76872,-73.88840299999998
572,513d9f2afdc9f0358700865f,40.591086,-73.98223300000001
573,513d9b7dfdc9f03587007a1b,40.719773,-73.94667200000004
574,513d7c06fdc9f03587006d6a,40.688277,-73.98828800000001
575,513d9e3cfdc9f03587008344,40.698078,-73.899205
576,513d9aa1fdc9f0358700774d,40.702983,-73.943263
577,513d9db7fdc9f03587008188,40.7144,-73.95926600000001
578,513d9ea1fdc9f0358700848b,40.608897,-73.98855900000001
579,513d9de8fdc9f03587008227,40.630297,-74.03831500000001
580,513d9bebfdc9f03587007b7d,40.858571,-73.84458899999998
581,513d9b01fdc9f03587007888,40.602538,-73.93376599999999
582,513d9efefdc9f035870085c1,40.676464,-73.99261100000001
583,513d9b95fdc9f03587007a65,40.820056,-73.91595899999999
584,513d7dacfdc9f03587007241,40.693245,-73.908567
585,513d7b4dfdc9f03587006b01,40.628518,-74.023034
586,513d7844fdc9f035870060e7,40.594242,-73.93674699999997
587,513d9c2afdc9f03587007c4a,40.683826,-73.79948200000001
588,513d7f51fdc9f035870075b1,40.892857,-73.819771
589,513d7f7afdc9f03587007603,40.74586,-73.92578100000003
590,513d9b16fdc9f035870078cc,40.847776,-73.91115500000001
591,513d7bd4fdc9f03587006cc0,40.742413,-73.84542999999996
592,513d9b56fdc9f035870079a6,40.646811,-73.91673700000001
593,513d9ae0fdc9f03587007829,40.761041,-73.95060899999999
594,513d9a85fdc9f035870076f0,40.614692,-73.90803
595,513d9cb2fdc9f03587007e1b,40.693805,-73.96286299999997
596,513d791cfdc9f035870063c3,40.80392,-73.87249199999997
597,513d7de6fdc9f035870072c2,40.76431,-73.952655
598,513d9bbffdc9f03587007aef,40.682452,-73.85236900000001
599,513d7b06fdc9f03587006a14,40.774167,-73.81278900000001
600,513d7a43fdc9f03587006783,40.734939,-73.83626600000002
601,513d7f17fdc9f03587007539,40.823116,-73.89111000000003
602,513d9dcbfdc9f035870081c7,40.653829,-73.82800600000002
603,513d7eacfdc9f03587007459,40.770975,-73.94027299999999
604,513d7f39fdc9f03587007588,40.669756,-73.98751600000003
605,513d7939fdc9f03587006426,40.674644,-73.92346900000001
606,513d7bf7fdc9f03587006d31,40.649172,-74.02043400000002
607,513d9e71fdc9f035870083eb,40.746167,-73.89770799999997
608,513d9deafdc9f0358700822a,40.626422,-73.910752
609,513d9c94fdc9f03587007db5,40.799569,-73.90928200000002
610,513d7e3afdc9f0358700736e,40.673375,-73.77381000000003
612,513d7eccfdc9f035870074a5,40.708765,-73.79908599999999
613,513d7f25fdc9f03587007560,40.793828,-73.93427300000002
614,513d7bfefdc9f03587006d4a,40.814171,-73.93288899999999
615,513d9c76fdc9f03587007d4c,40.697179,-73.82716199999999
616,513d7c78fdc9f03587006ee1,40.658079,-73.82477799999998
617,513d9d3bfdc9f03587007fd6,40.678585,-73.97582699999998
619,513d9c54fdc9f03587007cd6,40.851828,-73.843905
620,513d9de4fdc9f03587008218,40.815356,-73.81906100000003
621,513d793efdc9f03587006439,40.644544,-73.88907499999999
622,513d9aeffdc9f03587007856,40.672157,-73.86729100000002
623,513d7cddfdc9f0358700702c,40.782921,-73.97477400000002
624,513d7893fdc9f035870061f3,40.66745,-73.79209800000001
625,513d78dafdc9f035870062e6,40.661118,-73.79527300000001
626,513d7a90fdc9f03587006899,40.793794,-73.81262300000003
627,513d7db8fdc9f0358700725b,40.842,-73.84379000000001
628,513d787bfdc9f035870061a0,40.743494,-73.86311999999998
629,513d7df7fdc9f035870072e7,40.81147,-73.93007699999998
630,513d7d83fdc9f035870071ef,40.766959,-73.920344
631,513d7863fdc9f03587006153,40.909326,-73.81896699999999
633,513d7958fdc9f03587006487,40.623337,-73.93492800000001
634,513d7b00fdc9f035870069f9,40.879466,-73.884998
635,513d7b65fdc9f03587006b55,40.819274,-73.96058900000003
636,513d7cabfdc9f03587006f82,40.805472,-73.94500600000003
637,513d79c1fdc9f035870065d1,40.679426,-73.87185999999997
638,513d7db6fdc9f03587007258,40.730086,-73.83248400000002
639,513d9e4ffdc9f03587008383,40.764986,-73.87759599999998
640,513d9a95fdc9f0358700771e,40.713755,-73.91978499999999
641,513d7826fdc9f03587006081,40.828129,-73.87033500000001
644,513d9bc7fdc9f03587007b03,40.693921,-73.87752899999998
645,513d9e8bfdc9f03587008445,40.828518,-73.839249
646,513d9d68fdc9f0358700806d,40.820843,-73.92221799999999
647,513d7d48fdc9f0358700717b,40.745371,-73.95737400000002
649,513d7f59fdc9f035870075c1,40.756027,-73.82389699999999
650,513d7d88fdc9f035870071f9,40.663306,-73.914583
651,513d9ea9fdc9f035870084a7,40.857371,-73.93885899999998
652,513d7b89fdc9f03587006bd2,40.703931,-73.993405
653,513d9e7cfdc9f0358700840e,40.608297,-73.93470000000002
654,513d79b8fdc9f035870065ba,40.672223,-73.94749999999999
655,513d7a49fdc9f03587006795,40.763763,-73.814144
656,513d9cc5fdc9f03587007e59,40.810371,-73.83522099999999
657,513d7a77fdc9f03587006838,40.778481,-73.94523700000002
658,513d7ddffdc9f035870072b2,40.894574,-73.809144
659,513d7e74fdc9f035870073ec,40.676026,-73.84942799999999
660,513d9b79fdc9f03587007a0d,40.583634,-73.986806
661,513d7da8fdc9f03587007237,40.826864,-73.88163700000001
662,513d7bf2fdc9f03587006d25,40.632112,-73.97053399999999
663,513d9b6ffdc9f035870079eb,40.659014,-73.79530699999998
664,513d9dbbfdc9f03587008194,40.76006,-73.986628
665,513d9bd7fdc9f03587007b35,40.737211,-73.85295100000002
666,513d7de4fdc9f035870072bc,40.767724,-73.821233
667,513d7f2ffdc9f03587007576,40.713273,-73.96477099999998
670,513d7984fdc9f03587006516,40.774803,-73.958526
671,513d7b1bfdc9f03587006a56,40.842682,-73.937839
672,513d7e17fdc9f03587007323,40.790063,-73.84969999999998
673,513d7973fdc9f035870064da,40.591136,-73.99204600000002
675,513d9f60fdc9f03587008717,40.744206,-73.93366400000002
676,513d7807fdc9f0358700601a,40.890804,-73.82505400000002
677,513d7d78fdc9f035870071d6,40.787372,-73.81517500000001
678,513d9e1bfdc9f035870082d0,40.698163,-73.90698299999997
679,513d9a85fdc9f035870076ef,40.716949,-73.98435599999999
680,513d7819fdc9f0358700604f,40.910422,-73.85343499999999
681,513d7ceafdc9f03587007054,40.780804,-73.81716699999998
682,513d9c1bfdc9f03587007c1e,40.833876,-73.91169400000001
683,513d7902fdc9f0358700636d,40.728463,-73.88909999999998
685,513d7a59fdc9f035870067d4,40.634499,-73.89053799999999
686,513d7899fdc9f03587006204,40.736812,-73.887273
687,513d7f1dfdc9f0358700754b,40.902984,-73.81352900000002
688,513d9aa3fdc9f03587007758,40.797468,-73.92087200000003
689,513d9a79fdc9f035870076d7,40.783663,-73.967941
691,513d9d35fdc9f03587007fc0,40.760419,-73.98006199999998
692,513d7d38fdc9f0358700714c,40.73253,-73.96021100000002
693,513d7bd3fdc9f03587006cbe,40.694047,-73.884634
694,513d9ee0fdc9f0358700855c,40.619503,-74.02887599999997
695,513d9e33fdc9f03587008322,40.714011,-73.846698
696,513d9c96fdc9f03587007dbb,40.82841,-73.902781
697,513d7926fdc9f035870063e6,40.644158,-73.87753600000002
698,513d7dbafdc9f03587007260,40.771156,-73.97045100000003
699,513d7f29fdc9f0358700756b,40.710603,-73.85767199999998
701,513d9bbdfdc9f03587007aea,40.618346,-74.03202599999997
702,513d79dbfdc9f03587006623,40.674471,-73.87833499999999
703,513d7b59fdc9f03587006b2f,40.831736,-73.95052399999997
704,513d7a18fdc9f035870066f8,40.757618,-74.00464099999999
705,513d9eeefdc9f0358700858b,40.687055,-73.872773
706,513d7ddafdc9f035870072a7,40.687746,-73.87737199999998
707,513d9c7ffdc9f03587007d6d,40.593592,-73.95730300000002
708,513d7802fdc9f03587006008,40.671761,-73.93615999999997
709,513d9bacfdc9f03587007ab2,40.659425,-73.84477600000002
711,513d7d5efdc9f035870071a6,40.613826,-73.950241
712,513d9ebcfdc9f035870084de,40.794541,-73.81717600000002
713,513d9c19fdc9f03587007c16,40.626612,-73.92575
715,513d9eb7fdc9f035870084cd,40.908578,-73.85909700000002
716,513d799cfdc9f03587006567,40.667174,-73.792149
717,513d9a9bfdc9f03587007733,40.638589,-73.97242299999999
718,513d77f9fdc9f03587005fe8,40.873193,-73.84843699999999
721,513d797bfdc9f035870064f9,40.634447,-73.945899
722,513d9b41fdc9f0358700795e,40.8606,-73.89461599999998
724,513d9b70fdc9f035870079ee,40.83054,-73.91675600000002
725,513d7d86fdc9f035870071f4,40.720729,-73.8032
726,513d9ecbfdc9f03587008510,40.725057,-73.91601400000002
729,513d9ed8fdc9f0358700853f,40.638923,-73.94319100000001
730,513d9be0fdc9f03587007b57,40.903563,-73.89740799999998
731,513d7ed4fdc9f035870074b3,40.716025,-73.80657300000001
732,513d9ab4fdc9f03587007795,40.694967,-73.95622000000003
733,513d9c5cfdc9f03587007cf2,40.761372,-73.98781099999997
734,513d7987fdc9f03587006522,40.889752,-73.85627899999997
735,513d7b57fdc9f03587006b23,40.765747,-73.99431800000002
736,513d7a6cfdc9f03587006815,40.717045,-73.910796
737,513d7d32fdc9f0358700713a,40.757156,-73.937994
738,513d9e03fdc9f03587008284,40.88987,-73.842509
739,513d781ffdc9f03587006064,40.75454,-73.85362099999998
740,513d9b33fdc9f0358700792a,40.712893,-74.00432599999999
741,513d7f62fdc9f035870075d0,40.659075,-73.79264699999999
744,513d9dc9fdc9f035870081c1,40.881045,-73.84783099999999
745,513d7efefdc9f03587007508,40.654077,-74.00781
746,513d7b23fdc9f03587006a70,40.897394,-73.884411
747,513d7b1efdc9f03587006a5e,40.642129,-74.01445999999999
748,513d9b44fdc9f0358700796b,40.817816,-73.851359
749,513d79e3fdc9f03587006642,40.69844,-73.84816699999999
750,513d9d1dfdc9f03587007f78,40.789503,-73.94962700000002
751,513d9a72fdc9f035870076cf,40.689189,-73.83747700000004
753,513d7f53fdc9f035870075b3,40.763339,-73.91432900000001
755,513d9decfdc9f03587008233,40.622236,-74.01982299999997
757,513d786bfdc9f0358700616d,40.702875,-73.87899299999998
759,513d9d97fdc9f03587008115,40.744224,-73.885629
760,513d9dddfdc9f03587008201,40.787258,-73.81034499999998
761,513d9ddffdc9f03587008209,40.705638,-73.79445699999997
762,513d9e1dfdc9f035870082d7,40.711388,-73.96825000000001
763,513d9f49fdc9f035870086c0,40.761327,-73.85877600000003
764,513d9ce9fdc9f03587007ed9,40.727664,-74.00246199999998
765,513d9c4efdc9f03587007cc4,40.81486,-73.96449899999999
766,513d7b5cfdc9f03587006b38,40.691882,-73.977733
768,513d7a20fdc9f03587006715,40.67988,-73.994191
769,513d7df3fdc9f035870072df,40.901431,-73.85081500000001
770,513d9c99fdc9f03587007dc3,40.838055,-73.918116
771,513d7a8dfdc9f0358700688f,40.791187,-73.84547800000001
772,513d7d8cfdc9f03587007201,40.743586,-73.97305799999998
773,513d7c08fdc9f03587006d72,40.682172,-73.99321800000001
774,513d9cfcfdc9f03587007f10,40.728439,-73.94861500000002
776,513d7959fdc9f03587006489,40.624645,-74.01623599999999
779,513d7bc6fdc9f03587006c99,40.828839,-73.89631099999997
781,513d9be4fdc9f03587007b6a,40.617257,-74.02985699999999
782,513d7a81fdc9f03587006865,40.741728,-73.98222900000002
783,513d7b9efdc9f03587006c11,40.721142,-73.91957300000001
784,513d9ea6fdc9f0358700849d,40.740179,-73.82496100000003
785,513d7bb4fdc9f03587006c5d,40.735554,-73.87578100000002
786,513d7cbbfdc9f03587006fb7,40.707623,-73.94803000000002
787,513d9e1cfdc9f035870082d4,40.860749,-73.83541300000002
789,513d798dfdc9f0358700652f,40.643411,-73.90040699999997
791,513d9e1ffdc9f035870082dc,40.664516,-73.99703699999998
792,513d7d05fdc9f035870070a7,40.697908,-73.90162399999997
793,513d7d4ffdc9f0358700718a,40.616659,-73.94498099999998
794,513d7f04fdc9f03587007514,40.639007,-73.94182799999999
796,513d9c65fdc9f03587007d15,40.749497,-73.98115100000001
797,513d7b42fdc9f03587006ad8,40.77686,-73.84801400000003
800,513d9e00fdc9f0358700827b,40.729941,-73.81510700000001
802,513d9b75fdc9f035870079fe,40.750059,-73.99878100000001
803,513d7914fdc9f035870063ab,40.595096,-73.96468299999998
805,513d78b2fdc9f0358700625a,40.857732,-73.917212
806,513d7876fdc9f0358700618e,40.903263,-73.85051799999997
807,513d9b37fdc9f03587007936,40.729058,-73.98882700000001
808,513d7e93fdc9f0358700742c,40.878005,-73.85345799999999
809,513d7bebfdc9f03587006d10,40.753617,-73.994797
810,513d7a0efdc9f035870066d9,40.707835,-73.871962
811,513d7f32fdc9f0358700757a,40.713375,-73.88287700000001
812,513d7dacfdc9f03587007240,40.575366,-74.00070299999999
813,513d7993fdc9f03587006546,40.866211,-73.910102
814,513d7bbffdc9f03587006c81,40.885919,-73.89658099999997
815,513d7bfbfdc9f03587006d40,40.675041,-73.97191499999997
816,513d7822fdc9f03587006073,40.770122,-73.87372600000003
817,513d7e7bfdc9f035870073fb,40.897681,-73.83887500000003
818,513d7a70fdc9f03587006824,40.850305,-73.830196
819,513d7de9fdc9f035870072c9,40.641104,-73.83403199999998
820,513d7b86fdc9f03587006bc3,40.690908,-73.970414
821,513d7881fdc9f035870061b6,40.801235,-73.95377500000001
822,513d9ce3fdc9f03587007ec0,40.893824,-73.85713499999997
823,513d9da3fdc9f0358700813f,40.758332,-73.94523100000004
824,513d7d56fdc9f03587007199,40.821345,-73.80964899999998
825,513d7ed1fdc9f035870074ad,40.629863,-73.94739300000003
826,513d7972fdc9f035870064d5,40.637073,-73.89869499999998
827,513d7e19fdc9f03587007327,40.830273,-73.83631000000003
830,513d9efffdc9f035870085c7,40.707038,-73.92081300000001
831,513d9d84fdc9f035870080d4,40.656106,-73.97451799999999
834,513d783afdc9f035870060be,40.63515,-73.88046300000002
835,513d9c82fdc9f03587007d74,40.664748,-73.77806499999997
836,513d7c28fdc9f03587006de0,40.706128,-73.89292599999999
837,513d79e0fdc9f03587006635,40.640929,-73.91435100000001
838,513d9b8bfdc9f03587007a47,40.833116,-73.94185600000003
840,513d7c0dfdc9f03587006d81,40.865826,-73.81338299999999
842,513d7907fdc9f0358700637d,40.776078,-73.955487
843,513d7cb8fdc9f03587006fad,40.719614,-73.890825
844,513d9c8afdc9f03587007d92,40.775501,-73.99024500000002
845,513d9aabfdc9f03587007771,40.75032,-73.97737899999998
846,513d9ef8fdc9f035870085b1,40.704046,-73.86484000000002
847,513d78fefdc9f0358700635e,40.619564,-74.03879599999999
848,513d7ea1fdc9f03587007446,40.845206,-73.86619100000001
849,513d9cb6fdc9f03587007e29,40.80213,-73.968256
850,513d7f72fdc9f035870075f7,40.662975,-73.984845
851,513d7ebffdc9f03587007482,40.722835,-73.826639
854,513d9f36fdc9f03587008684,40.811149,-73.83599400000003
855,513d9e0dfdc9f035870082aa,40.823186,-73.93092100000001
856,513d9d2cfdc9f03587007fa7,40.599961,-73.97526600000003
857,513d7e1bfdc9f0358700732e,40.81374,-73.94205699999998
858,513d9c54fdc9f03587007cd5,40.693178,-73.83792900000003
859,513d7c62fdc9f03587006e93,40.758325,-73.93696599999998
861,513d7d12fdc9f035870070d0,40.685221,-73.86882500000002
862,513d7814fdc9f03587006042,40.62841,-73.95691599999998
865,513d9ba2fdc9f03587007a93,40.81573,-73.89471000000003
866,513d9f05fdc9f035870085df,40.69509,-73.95527099999998
867,513d9e0bfdc9f0358700829e,40.910545,-73.80876899999998
868,513d7e14fdc9f0358700731c,40.692164,-73.977577
869,513d9a7ffdc9f035870076e5,40.707383,-74.00414999999998
870,513d9be1fdc9f03587007b5b,40.857625,-73.92281700000001
871,513d78a8fdc9f03587006235,40.771412,-73.96777900000001
872,513d7aa4fdc9f035870068e0,40.707601,-73.90517499999999
873,513d9ebffdc9f035870084e4,40.766683,-73.90941199999997
874,513d7f60fdc9f035870075cd,40.813052,-73.934413
875,513d7c22fdc9f03587006dc8,40.900378,-73.84095300000001
876,513d79f7fdc9f03587006680,40.613447,-73.90287699999999
878,513d7c19fdc9f03587006da7,40.736954,-73.80895900000002
879,513d7beffdc9f03587006d1a,40.84454,-73.886934
880,513d7d2dfdc9f0358700712c,40.688852,-73.94075599999996
882,513d9f19fdc9f03587008627,40.616711,-74.01667099999997
883,513d79c6fdc9f035870065e8,40.744415,-73.89187400000003
884,513d9b9afdc9f03587007a77,40.665627,-73.87467900000001
885,513d7dfafdc9f035870072ec,40.725953,-73.83657299999999
886,513d9e9cfdc9f03587008479,40.890742,-73.862212
887,513d9dedfdc9f0358700823a,40.646761,-73.94335999999998
888,513d79aefdc9f0358700659a,40.857425,-73.86091199999998
890,513d9e44fdc9f03587008360,40.629077,-73.94631400000003
891,513d7849fdc9f035870060f6,40.5934,-73.99360999999999
892,513d7dd0fdc9f0358700728d,40.869983,-73.930701
893,513d9f1ffdc9f0358700863e,40.637048,-73.963728
895,513d9b3cfdc9f03587007944,40.711995,-73.825178
897,513d9ec6fdc9f035870084fe,40.641639,-73.94568300000003
898,513d9acafdc9f035870077e0,40.61727,-73.91215499999998
899,513d7c27fdc9f03587006dde,40.635864,-73.93642699999998
900,513d7b09fdc9f03587006a21,40.826948,-73.955288
901,513d9c61fdc9f03587007d07,40.882554,-73.86986999999999
902,513d9bb4fdc9f03587007acc,40.717605,-73.933178
903,513d9ccefdc9f03587007e76,40.814296,-73.93725699999999
904,513d7eedfdc9f035870074e7,40.649484,-73.92243000000002
905,513d7dc1fdc9f03587007270,40.671995,-73.98686299999997
906,513d9d0dfdc9f03587007f46,40.607148,-73.94512400000002
907,513d7dfbfdc9f035870072f0,40.726215,-73.958211
908,513d9f30fdc9f0358700866e,40.709207,-73.87007900000003
910,513d7ac1fdc9f03587006939,40.747877,-74.00066200000003
911,513d7a98fdc9f035870068b5,40.732753,-73.95009099999999
912,513d9c00fdc9f03587007bc4,40.703643,-73.86058100000002
913,513d7c0efdc9f03587006d84,40.702396,-73.83847700000001
914,513d7cf7fdc9f0358700707b,40.723547,-73.86864700000001
915,513d9d3cfdc9f03587007fd9,40.781285,-73.96241199999997
916,513d7f24fdc9f0358700755e,40.667933,-73.88341200000002
917,513d7b0efdc9f03587006a31,40.591234,-73.97830799999997
918,513d9bf2fdc9f03587007b94,40.670448,-73.81604900000002
919,513d9c5cfdc9f03587007cef,40.677585,-73.93191100000001
920,513d9ebdfdc9f035870084df,40.773658,-73.91557
921,513d7b2bfdc9f03587006a8b,40.628268,-73.97269299999999
922,513d9ef9fdc9f035870085b3,40.847545,-73.82229899999999
924,513d780efdc9f03587006034,40.856106,-73.88710400000002
925,513d9b97fdc9f03587007a6f,40.85961,-73.85464400000001
926,513d7bdefdc9f03587006ce4,40.872122,-73.862933
928,513d78b5fdc9f03587006263,40.692666,-73.85674399999999
931,513d7c82fdc9f03587006f09,40.80645,-73.832738
934,513d7ba1fdc9f03587006c19,40.604334,-73.909334
936,513d7bdcfdc9f03587006cd9,40.593883,-73.970865
938,513d9db9fdc9f0358700818f,40.692583,-73.96870200000001
939,513d9f3bfdc9f03587008692,40.716291,-73.90720099999999
940,513d7965fdc9f035870064aa,40.753263,-73.90994699999999
942,513d9c36fdc9f03587007c76,40.763888,-73.92494599999998
943,513d9de4fdc9f0358700821b,40.750542,-73.87498099999999
946,513d7e70fdc9f035870073e0,40.730173,-73.91240099999999
947,513d78e4fdc9f0358700630d,40.675193,-73.94721400000003
948,513d9d6ffdc9f03587008083,40.66466,-73.87668100000002
950,513d7c46fdc9f03587006e3c,40.756584,-73.90353500000003
951,513d7a71fdc9f03587006826,40.642817,-73.978434
952,513d9f17fdc9f0358700861c,40.593291,-73.96784000000002
953,513d7e90fdc9f03587007424,40.855993,-73.93985199999997
954,513d9e31fdc9f0358700831b,40.69313,-73.96971500000001
955,513d681dfdc9f03587004269,42.300506,-71.07583499999998
956,513d6982fdc9f03587004764,42.311284,-71.13270599999998
958,513d9e0dfdc9f035870082a6,40.853013,-73.89467400000001
959,513d9cebfdc9f03587007ede,40.609503,-74.00390900000002
960,513d690efdc9f035870045bc,42.383853,-70.991847
961,513d7dd8fdc9f035870072a0,40.805361,-73.96554700000002
962,513d9db1fdc9f03587008177,40.770975,-73.94027299999999
963,513d677efdc9f035870040b5,42.405637,-71.11242199999998
964,513d6a26fdc9f0358700498d,42.409275,-71.11127699999997
965,513d69dbfdc9f03587004895,42.381892,-71.071396
966,513d6aadfdc9f03587004b1e,42.32599,-71.13399900000002
967,513d78b8fdc9f0358700626d,40.711555,-73.822292
968,513d7ca1fdc9f03587006f69,40.83968,-73.908977
969,513d9ac0fdc9f035870077bb,40.597387,-74.004437
970,513d9c16fdc9f03587007c08,40.823448,-73.86454400000002
973,513d9cb1fdc9f03587007e17,40.721609,-73.87786699999998
974,513d7ae7fdc9f035870069b1,40.678212,-73.90605199999999
975,513d6bdefdc9f03587004e15,42.368828,-71.17515800000001
976,513d787afdc9f0358700619a,40.679907,-73.87808899999999
978,513d6be4fdc9f03587004e25,42.405435,-71.034313
979,513d6818fdc9f03587004257,42.38022,-71.17476299999998
980,513d68bcfdc9f035870044a1,42.323385,-71.048969
982,513d7e43fdc9f03587007383,40.644202,-73.83587799999998
983,513d9ebafdc9f035870084d8,40.607217,-73.93225899999999
984,513d7eaefdc9f0358700745f,40.60253,-73.99804599999999
985,513d78c8fdc9f035870062a6,40.64522,-73.894657
986,513d6813fdc9f03587004245,42.381665,-71.07000099999999
987,513d6b06fdc9f03587004c03,42.296668,-71.11289399999998
988,513d9bc9fdc9f03587007b0a,40.631347,-73.885534
989,513d686afdc9f03587004374,42.367701,-71.065899
990,513d6c9dfdc9f03587004ff1,42.338113,-71.13612
991,513d6ad7fdc9f03587004b87,42.366721,-71.09801099999999
992,513d7cbbfdc9f03587006fb9,40.603295,-73.97683799999999
994,513d69e5fdc9f035870048b1,42.372239,-70.979175
995,513d9e26fdc9f035870082fa,40.921918,-73.89837899999998
997,513d6858fdc9f03587004336,42.369131,-71.06017400000002
998,513d6c0bfdc9f03587004e82,42.339977,-71.09593100000001
999,513d9c5ffdc9f03587007cfc,40.639396,-73.917643
1000,513d6a16fdc9f03587004959,42.40449,-71.08568100000002
1001,513d9ccbfdc9f03587007e6d,40.692988,-73.92821400000003
1004,513d6868fdc9f0358700436d,42.392569,-71.10981099999998
1005,513d9a9ffdc9f03587007745,40.715143,-73.85934399999996
1006,513d6bc5fdc9f03587004dd1,42.418916,-71.01342199999999
1009,513d7d52fdc9f03587007191,40.90857,-73.847125
1010,513d7917fdc9f035870063b4,40.861004,-73.84874100000002
1012,513d699ffdc9f035870047c6,42.332173,-71.12861800000002
1013,513d7a51fdc9f035870067b8,40.686111,-73.808898
1014,513d7d73fdc9f035870071ce,40.600881,-73.99667099999999
1015,513d6c20fdc9f03587004ebe,42.396917,-71.00883099999999
1016,513d7e77fdc9f035870073f2,40.847759,-73.85308499999996
1017,513d9c66fdc9f03587007d17,40.82987,-73.86635799999999
1018,513d9eddfdc9f03587008551,40.650158,-73.940857
1019,513d7eb3fdc9f03587007469,40.824347,-73.84297500000002
1020,513d9db8fdc9f0358700818d,40.822306,-73.90329099999997
1021,513d7babfdc9f03587006c3b,40.692501,-73.85924899999998
1022,513d7c3efdc9f03587006e23,40.771691,-73.84650299999998
1023,513d7eb2fdc9f03587007468,40.721105,-73.80803100000003
1024,513d9cebfdc9f03587007ee0,40.706983,-73.96894700000001
1025,513d9d49fdc9f03587008003,40.678381,-73.946393
1026,513d7d6cfdc9f035870071c0,40.662289,-73.81893100000002
1027,513d7f07fdc9f03587007519,40.691363,-73.866895
1028,513d9ab6fdc9f0358700779b,40.753877,-73.90398900000002
1029,513d6883fdc9f035870043d2,42.326189,-71.116401
1030,513d7995fdc9f0358700654d,40.712583,-73.90369399999997
1031,513d7e22fdc9f03587007337,40.888728,-73.81513899999999
1032,513d7a1efdc9f0358700670f,40.726398,-73.79729800000001
1033,513d9c19fdc9f03587007c14,40.876614,-73.812163
1035,513d7c93fdc9f03587006f3f,40.65671,-73.89003200000002
1036,513d6b6ffdc9f03587004d02,42.312422,-71.10515599999997
1037,513d6b7dfdc9f03587004d25,42.266,-71.07752800000003
1038,513d6884fdc9f035870043d5,42.407975,-71.09313600000002
1039,513d9cb0fdc9f03587007e13,40.853494,-73.92435799999998
1040,513d7caefdc9f03587006f8b,40.672919,-73.97655900000001
1041,513d67ebfdc9f035870041ca,42.373321,-71.13993600000003
1042,513d78a2fdc9f03587006220,40.614639,-73.953237
1043,513d67c6fdc9f0358700416d,42.307177,-71.09265099999999
1044,513d7b17fdc9f03587006a4a,40.898853,-73.82469700000001
1045,513d78ebfdc9f03587006322,40.657699,-74.00248399999998
1046,513d6beffdc9f03587004e42,42.396196,-70.99386300000003
1047,513d9acffdc9f035870077ef,40.672691,-74.00491399999999
1049,513d9d37fdc9f03587007fc9,40.672054,-73.84108700000002
1051,513d6bcdfdc9f03587004de6,42.366006,-71.02283899999998
1052,513d678afdc9f035870040d7,42.327557,-71.15840100000003
1053,513d7825fdc9f0358700607a,40.618188,-73.977172
1054,513d9c4afdc9f03587007cb8,40.809138,-73.95873599999999
1055,513d9bccfdc9f03587007b12,40.658807,-73.989147
1056,513d78e0fdc9f035870062ff,40.810269,-73.90160900000001
1059,513d69cffdc9f0358700486f,42.399495,-70.993964
1063,513d7c3dfdc9f03587006e21,40.843537,-73.88725399999998
1064,513d6872fdc9f0358700438e,42.395037,-71.05321400000003
1065,513d7d0dfdc9f035870070c1,40.721724,-73.935069
1066,513d7cb5fdc9f03587006fa4,40.818996,-73.85952900000001
1068,513d67a7fdc9f03587004121,42.363707,-71.165436
1069,513d79abfdc9f03587006591,40.785173,-73.92892599999999
1070,513d7e1dfdc9f03587007331,40.775921,-73.92877699999997
1071,513d7e37fdc9f03587007368,40.605356,-74.03026799999998
1072,513d6b84fdc9f03587004d36,42.361996,-70.97509300000002
1073,513d7a7bfdc9f0358700684a,40.68651,-73.885017
1074,513d7931fdc9f0358700640b,40.62612,-73.99559899999997
1075,513d69f3fdc9f035870048e2,42.313698,-71.03359999999998
1076,513d69c2fdc9f0358700483f,42.391565,-71.09400599999998
1077,513d9a94fdc9f0358700771c,40.810262,-73.89520600000003
1078,513d6946fdc9f03587004687,42.333077,-71.107909
1079,513d9aaefdc9f03587007781,40.857289,-73.86616700000002
1082,513d67b2fdc9f0358700413e,42.373282,-71.123899
1083,513d6876fdc9f0358700439d,42.28862,-71.05791499999998
1084,513d68fffdc9f03587004589,42.365339,-71.11813899999999
1088,513d7b96fdc9f03587006bf7,40.653198,-73.86285599999997
1089,513d78a6fdc9f0358700622f,40.635542,-74.00950599999999
1090,513d7e61fdc9f035870073c1,40.684788,-73.81595099999998
1092,513d6957fdc9f035870046c2,42.380734,-71.09203000000002
1093,513d7b48fdc9f03587006aef,40.871128,-73.907149
1094,513d9b17fdc9f035870078d3,40.833043,-73.853794
1095,513d9b45fdc9f03587007970,40.918164,-73.87827800000002
1098,513d7cf7fdc9f0358700707c,40.912609,-73.82070299999998
1100,513d6adffdc9f03587004b9a,42.421379,-71.05240600000002
1101,513d9c54fdc9f03587007cd3,40.662799,-73.97833400000002
1103,513d7db9fdc9f0358700725e,40.785883,-73.849175
1104,513d9f04fdc9f035870085dd,40.913166,-73.84715599999998
1105,513d7b3bfdc9f03587006ac0,40.645311,-73.90783899999997
1106,513d7b7dfdc9f03587006ba7,40.649587,-73.88818900000001
1107,513d7cc5fdc9f03587006fd7,40.700702,-73.83804600000002
1108,513d9b82fdc9f03587007a2c,40.620006,-74.00379499999997
1109,513d9c91fdc9f03587007da9,40.658508,-73.83104100000003
1110,513d67dffdc9f035870041ab,42.360268,-71.12095999999997
1111,513d9deefdc9f0358700823c,40.647421,-73.87701500000003
1112,513d7b6bfdc9f03587006b6a,40.849795,-73.92970400000002
1113,513d79fffdc9f035870066a3,40.619195,-73.93176
1114,513d7ad2fdc9f0358700696e,40.693892,-73.81704200000001
1115,513d9aaafdc9f0358700776e,40.670127,-73.995251
1116,513d69ccfdc9f03587004865,42.354439,-71.10148200000003
1117,513d9f59fdc9f035870086fb,40.812139,-73.88336800000002
1118,513d6a0ffdc9f0358700493e,42.287851,-71.093973
1119,513d9e8afdc9f0358700843e,40.699974,-73.885784
1120,513d7a98fdc9f035870068b4,40.712132,-73.99254100000002
1122,513d9d77fdc9f035870080a0,40.739353,-73.91756900000001
1124,513d69abfdc9f035870047f3,42.382255,-70.998627
1125,513d6941fdc9f03587004676,42.275422,-71.08901400000002
1126,513d9a79fdc9f035870076d8,40.764146,-73.93064200000003
1128,513d9d7afdc9f035870080af,40.604312,-73.95933200000002
1129,513d9af3fdc9f0358700785f,40.731742,-73.81948999999997
1131,513d7abcfdc9f03587006929,40.704999,-73.852665
1132,513d7bc4fdc9f03587006c94,40.908769,-73.81805400000002
1133,513d6b3bfdc9f03587004c89,42.381145,-71.01921500000003
1134,513d9a7dfdc9f035870076df,40.79743,-73.970418
1135,513d9ed5fdc9f03587008536,40.730775,-73.844897
1138,513d7ec7fdc9f03587007499,40.854196,-73.82768799999997
1139,513d7ee1fdc9f035870074cd,40.680299,-73.8397
1141,513d6c3bfdc9f03587004f01,42.41731,-71.059687
1143,513d9d9cfdc9f03587008122,40.861115,-73.88126399999999
1145,513d7c67fdc9f03587006ea5,40.921058,-73.89604800000001
1146,513d6771fdc9f03587004092,42.384784,-71.082222
1147,513d9b58fdc9f035870079ab,40.729923,-73.92735500000003
1148,513d69c1fdc9f0358700483c,42.373476,-71.09889199999998
1149,513d7ad8fdc9f03587006983,40.693241,-73.92864099999997
1150,513d7b2dfdc9f03587006a94,40.66124,-73.91734600000001
1151,513d6b58fdc9f03587004ccb,42.30696,-71.059438
1152,513d6924fdc9f03587004616,42.383274,-71.12804299999999
1153,513d7f6afdc9f035870075e7,40.748645,-73.86044600000002
1155,513d68adfdc9f03587004465,42.334538,-71.13304700000003
1156,513d785bfdc9f03587006136,40.589404,-73.98060499999997
1157,513d6b56fdc9f03587004cc6,42.395174,-70.99064799999996
1158,513d9b3afdc9f03587007940,40.700608,-73.896839
1159,513d7a07fdc9f035870066bd,40.701255,-73.95677799999999
1160,513d9b4dfdc9f0358700798a,40.598922,-73.95448399999998
1161,513d9c6cfdc9f03587007d28,40.751583,-73.99983099999997
1162,513d6a61fdc9f03587004a55,42.310985,-71.11929099999998
1163,513d7ac6fdc9f03587006947,40.838009,-73.84688
1164,513d78b9fdc9f0358700626f,40.701669,-73.84078199999999
1165,513d7d5afdc9f0358700719f,40.903921,-73.81167600000003
1166,513d6a7ffdc9f03587004a9f,42.422542,-71.09968200000003
1168,513d7ba9fdc9f03587006c36,40.668695,-73.80690900000002
1169,513d7bb6fdc9f03587006c66,40.759809,-73.82915500000001
1172,513d9ef3fdc9f0358700859f,40.685639,-73.99389500000001
1174,513d7d89fdc9f035870071fb,40.717629,-73.80835400000001
1175,513d7ee3fdc9f035870074d2,40.645776,-73.88385499999998
1176,513d9eeffdc9f03587008590,40.850944,-73.82903499999998
1177,513d6bd2fdc9f03587004df3,42.395078,-71.116154
1178,513d9d4afdc9f03587008005,40.839974,-73.94580000000002
1179,513d7c8ffdc9f03587006f31,40.651476,-74.003692
1180,513d9be7fdc9f03587007b6e,40.922053,-73.900081
1181,513d6bc6fdc9f03587004dd3,42.313066,-71.10816699999998
1182,513d7e09fdc9f0358700730d,40.699964,-73.98702000000003
1183,513d7c76fdc9f03587006eda,40.852265,-73.82656299999996
1184,513d6af6fdc9f03587004bdc,42.287279,-71.09476699999999
1185,513d9ea0fdc9f03587008489,40.8695,-73.85538300000002
1186,513d79b5fdc9f035870065b1,40.910921,-73.874642
1187,513d7cd3fdc9f03587007009,40.613812,-73.97825
1188,513d9c71fdc9f03587007d3a,40.601228,-73.93192399999998
1189,513d9edafdc9f03587008545,40.703492,-73.87292400000001
1190,513d9d21fdc9f03587007f85,40.697524,-73.84410400000002
1191,513d682efdc9f035870042a5,42.426077,-71.02515800000003
1196,513d6ae9fdc9f03587004bb8,42.423606,-71.07068900000002
1198,513d69f9fdc9f035870048f4,42.425517,-71.00946099999999
1200,513d7ee5fdc9f035870074d9,40.684466,-73.96578399999999
1202,513d7c03fdc9f03587006d5e,40.785772,-73.95522699999998
1204,513d7c06fdc9f03587006d6b,40.692471,-73.907446
1205,513d7e6cfdc9f035870073d8,40.819954,-73.90105900000003
1209,513d78f9fdc9f0358700634f,40.76164,-73.93141800000001
1210,513d679dfdc9f03587004109,42.406936,-71.01274000000001
1212,513d7be3fdc9f03587006cf3,40.631656,-73.986535
1213,513d787dfdc9f035870061a6,40.728342,-73.806443
1214,513d9bd5fdc9f03587007b2f,40.79396,-73.93458399999997
1215,513d9b59fdc9f035870079af,40.739384,-73.84403199999997
1216,513d79abfdc9f0358700658f,40.704775,-73.86586499999999
1219,513d7b6efdc9f03587006b71,40.739914,-73.97768100000002
1221,513d6afefdc9f03587004beb,42.308748,-71.09068300000001
1222,513d7ce0fdc9f03587007034,40.771542,-73.81473
1225,513d9e15fdc9f035870082bb,40.861654,-73.86674900000003
1226,513d7e5ffdc9f035870073be,40.693726,-73.884275
1227,513d784cfdc9f035870060ff,40.65725,-73.97637400000002
1228,513d9d00fdc9f03587007f1f,40.889621,-73.89812699999999
1229,513d69d5fdc9f03587004886,42.376453,-71.160957
1232,513d7eb5fdc9f0358700746d,40.606918,-73.99142799999998
1233,513d7865fdc9f0358700615a,40.680907,-73.98174
1234,513d7acbfdc9f03587006956,40.861026,-73.81652500000001
1236,513d79e6fdc9f0358700664c,40.676229,-73.93041800000003
1237,513d7baffdc9f03587006c48,40.652207,-73.91556000000003
1238,513d78d4fdc9f035870062d2,40.78959,-73.957627
1240,513d69b8fdc9f0358700481f,42.277465,-71.071777
1242,513d9d7ffdc9f035870080c3,40.771534,-73.927681
1244,513d78a9fdc9f0358700623a,40.710445,-73.98486400000002
1245,513d6c8dfdc9f03587004fc5,42.382033,-71.03927099999999
1246,513d7846fdc9f035870060ed,40.769928,-73.95298600000001
1248,513d7a19fdc9f035870066fc,40.715646,-73.84691800000002
1249,513d9f5bfdc9f03587008703,40.642794,-74.00045
1250,513d6c87fdc9f03587004fb9,42.360004,-71.087626
1251,513d7e52fdc9f035870073a5,40.664752,-73.79976599999998
1252,513d9cbbfdc9f03587007e37,40.776262,-73.982009
1253,513d7868fdc9f03587006163,40.780429,-73.944119
1254,513d6bb7fdc9f03587004db1,42.336532,-71.09393
1255,513d9ca4fdc9f03587007df0,40.659093,-73.92055099999999
1257,513d9cf0fdc9f03587007eee,40.619171,-73.96513199999998
1258,513d9e5dfdc9f035870083a8,40.702249,-73.838663
1259,513d7e80fdc9f03587007406,40.703391,-73.83842700000002
1260,513d9acdfdc9f035870077e8,40.781107,-73.84779700000001
1262,513d6a71fdc9f03587004a7b,42.387002,-71.105232
1264,513d9b09fdc9f035870078a5,40.66704,-73.889431
1265,513d67d5fdc9f03587004192,42.404227,-71.03583200000003
1266,513d7c16fdc9f03587006d9a,40.698047,-73.821416
1267,513d6c11fdc9f03587004e90,42.379626,-71.063468
1270,513d7df0fdc9f035870072d7,40.75359,-73.88675799999999
1271,513d9f40fdc9f035870086a1,40.865145,-73.82389799999999
1272,513d6c67fdc9f03587004f70,42.277931,-71.08226400000001
1273,513d7a09fdc9f035870066c4,40.751543,-73.868761
1275,513d7e72fdc9f035870073e7,40.706175,-73.88574800000004
1276,513d78affdc9f0358700624e,40.814673,-73.91850799999997
1278,513d9c9cfdc9f03587007dd0,40.667983,-73.91422399999999
1279,513d7c9efdc9f03587006f5f,40.677397,-73.98714899999999
1281,513d9a9cfdc9f0358700773c,40.807478,-73.93938500000002
1283,513d7a37fdc9f0358700675f,40.683742,-73.83447000000001
1284,513d7e79fdc9f035870073f6,40.832802,-73.919488
1285,513d6c63fdc9f03587004f65,42.391402,-71.16295200000002
1286,513d9adefdc9f0358700781f,40.843127,-73.893189
1287,513d6919fdc9f035870045ea,42.378435,-71.07589000000002
1288,513d796afdc9f035870064ba,40.854531,-73.84076399999998
1289,513d7ba0fdc9f03587006c15,40.628489,-73.958147
1290,513d9ed9fdc9f03587008541,40.60341,-74.00903700000003
1291,513d6a6cfdc9f03587004a70,42.42184,-71.10725300000001
1292,513d689dfdc9f03587004431,42.310833,-71.124032
1294,513d688efdc9f035870043f6,42.396483,-70.987462
1295,513d7d61fdc9f035870071ae,40.690742,-73.80759899999998
1297,513d7f0bfdc9f03587007524,40.618192,-73.927821
1298,513d9e07fdc9f03587008293,40.837197,-73.89005199999997
1300,513d7efbfdc9f03587007504,40.643484,-73.93533000000002
1301,513d794cfdc9f03587006461,40.718956,-73.805816
1302,513d9d0efdc9f03587007f4a,40.744155,-73.860233
1303,513d79a0fdc9f03587006573,40.649267,-73.87242800000001
1304,513d9bdefdc9f03587007b4e,40.660345,-73.883332
1306,513d78fffdc9f03587006361,40.853826,-73.92071199999998
1307,513d6942fdc9f03587004679,42.307639,-71.12305600000002
1309,513d9eb8fdc9f035870084d0,40.659816,-73.90824399999997
1310,513d79a8fdc9f0358700658a,40.76732,-73.92986100000002
1311,513d9d8efdc9f035870080f8,40.622818,-73.95586000000003
1313,513d6b15fdc9f03587004c2e,42.39579,-71.065991
1314,513d6780fdc9f035870040ba,42.294635,-71.08702199999999
1315,513d9b77fdc9f03587007a08,40.86943,-73.82037600000001
1317,513d7b36fdc9f03587006aad,40.7584,-73.85472900000002
1318,513d7f25fdc9f0358700755f,40.648358,-73.91637800000001
1319,513d9c6bfdc9f03587007d24,40.711811,-73.80365899999998
1320,513d6bbefdc9f03587004dc1,42.404279,-71.169216
1321,513d7d0bfdc9f035870070bc,40.665267,-73.95499899999999
1322,513d6b8dfdc9f03587004d4d,42.34169,-71.137067
1323,513d7a8afdc9f03587006883,40.725691,-73.98833000000002
1325,513d7deefdc9f035870072d4,40.765475,-73.939258
1326,513d7d6bfdc9f035870071be,40.865149,-73.853836
1327,513d67a1fdc9f03587004114,42.417744,-71.01023399999997
1328,513d9c4cfdc9f03587007cbd,40.643135,-73.935295
1329,513d6c18fdc9f03587004ea6,42.339821,-71.10129
1330,513d7f3bfdc9f0358700758f,40.701027,-73.78706699999998
1331,513d7ca7fdc9f03587006f78,40.706921,-73.79849200000001
1333,513d9eaffdc9f035870084b8,40.685319,-73.97323799999998
1335,513d9f5ffdc9f03587008714,40.773465,-73.83001999999999
1336,513d7ed7fdc9f035870074b7,40.723513,-74.00169699999998
1337,513d6abffdc9f03587004b49,42.397129,-71.06189899999998
1340,513d9f35fdc9f03587008680,40.599722,-74.00842599999999
1343,513d6bc1fdc9f03587004dc7,42.355117,-71.15132599999998
1344,513d9bbefdc9f03587007aeb,40.700339,-73.82940100000002
1345,513d689cfdc9f03587004429,42.401841,-71.13643300000001
1346,513d7b8ffdc9f03587006be0,40.821582,-73.95646199999999
1349,513d9c48fdc9f03587007cb0,40.840488,-73.81775399999998
1350,513d7d82fdc9f035870071ec,40.670179,-73.898593
1352,513d67e5fdc9f035870041bb,42.346018,-71.125584
1353,513d6959fdc9f035870046c7,42.379816,-71.121421
1354,513d6c52fdc9f03587004f38,42.413115,-71.10852599999998
1357,513d685ffdc9f03587004352,42.399372,-71.17011000000002
1358,513d68f3fdc9f0358700455f,42.308114,-71.04954900000001
1359,513d9ecafdc9f0358700850b,40.723211,-73.89237600000001
1361,513d68d9fdc9f035870044fe,42.39459,-71.15837899999997
1362,513d7decfdc9f035870072d1,40.756467,-73.85942499999999
1363,513d78c4fdc9f0358700629a,40.801548,-73.97391099999999
1364,513d9f46fdc9f035870086ba,40.702238,-73.82815399999998
1366,513d7ea7fdc9f03587007451,40.626136,-73.922504
1368,513d9e20fdc9f035870082e2,40.578599,-73.98822000000001
1370,513d7f78fdc9f035870075fe,40.748644,-73.94718699999999
1371,513d783ffdc9f035870060d6,40.675973,-73.786879
1372,513d69adfdc9f035870047fc,42.390069,-71.087986
1373,513d6929fdc9f03587004628,42.367271,-71.09534200000002
1374,513d7ebcfdc9f0358700747c,40.913135,-73.83727499999998
1375,513d7d88fdc9f035870071f8,40.665731,-73.95975699999997
1377,513d69d1fdc9f0358700487a,42.382534,-71.06574899999998
1378,513d9ccdfdc9f03587007e72,40.844073,-73.84372400000001
1380,513d6a96fdc9f03587004add,42.392692,-71.16938900000002
1381,513d9be3fdc9f03587007b65,40.782581,-73.98064199999999
1382,513d783efdc9f035870060d3,40.899165,-73.91103699999996
1384,513d6896fdc9f03587004412,42.404913,-71.09247399999998
1386,513d7ee6fdc9f035870074db,40.655176,-73.846586
1387,513d79c1fdc9f035870065d0,40.723434,-73.88127700000001
1388,513d7b4bfdc9f03587006afb,40.848862,-73.86182100000002
1389,513d9b75fdc9f035870079ff,40.728717,-73.82968499999998
1390,513d9c74fdc9f03587007d47,40.600307,-73.96924200000001
1392,513d6c1efdc9f03587004eb8,42.395455,-71.02651600000002
1395,513d7f67fdc9f035870075de,40.695528,-73.92315400000001
1397,513d6c3cfdc9f03587004f04,42.358997,-71.09720600000003
1398,513d686cfdc9f0358700437a,42.347337,-71.17114300000003
1401,513d9e40fdc9f03587008353,40.71658,-73.80175700000001
1403,513d9cfbfdc9f03587007f0d,40.661962,-73.92107199999998
1405,513d7c9ffdc9f03587006f62,40.708893,-73.919308
1407,513d79bcfdc9f035870065c3,40.626358,-74.012812
1408,513d9efbfdc9f035870085ba,40.601886,-73.94507799999997
1409,513d6a1bfdc9f0358700496d,42.393493,-71.16199499999999
1410,513d7f20fdc9f03587007553,40.780132,-73.97515900000002
1411,513d6c5dfdc9f03587004f57,42.38837,-71.161966
1412,513d9dd2fdc9f035870081dd,40.739707,-73.80463800000001
1413,513d7c58fdc9f03587006e77,40.625886,-74.01202999999998
1414,513d7acafdc9f03587006951,40.71348,-73.841636
1415,513d9b7afdc9f03587007a12,40.682621,-73.87398100000001
1419,513d67c5fdc9f0358700416b,42.273667,-71.07361400000002
1420,513d79d9fdc9f0358700661f,40.686,-73.79191700000001
1421,513d9e74fdc9f035870083f3,40.660867,-73.949723
1422,513d9be5fdc9f03587007b6b,40.729965,-73.817904
1425,513d79e3fdc9f03587006640,40.730137,-73.995001
1426,513d7ef9fdc9f03587007501,40.654535,-73.86090300000001
1428,513d6b24fdc9f03587004c51,42.390971,-71.03769699999998
1429,513d67b6fdc9f03587004145,42.421685,-71.099875
1430,513d697bfdc9f0358700474a,42.366282,-71.12571500000001
1433,513d67a7fdc9f03587004123,42.364392,-71.13642099999998
1434,513d7cdafdc9f03587007022,40.657968,-73.99841800000002
1435,513d7918fdc9f035870063ba,40.729391,-73.99188100000003
1436,513d6ca3fdc9f03587005004,42.281077,-71.07194300000003
1437,513d6c9cfdc9f03587004fee,42.387179,-71.08138600000001
1438,513d9d49fdc9f03587008001,40.787127,-73.82652100000001
1439,513d7b07fdc9f03587006a19,40.707896,-73.848976
1440,513d7bb5fdc9f03587006c60,40.75657,-73.955712
1441,513d9d25fdc9f03587007f8e,40.889888,-73.81334600000002
1443,513d682afdc9f03587004296,42.368212,-71.17118700000003
1445,513d7ddcfdc9f035870072ac,40.682722,-73.82531799999998
1447,513d9cbffdc9f03587007e48,40.610131,-73.90795000000003
1448,513d9c85fdc9f03587007d84,40.657733,-73.86865399999999
1449,513d7e28fdc9f03587007343,40.682026,-73.84286700000001
1452,513d7c12fdc9f03587006d90,40.744796,-73.98184000000003
1453,513d7d9efdc9f0358700722b,40.659655,-73.90137700000002
1454,513d9be2fdc9f03587007b61,40.678715,-73.96936299999999
1455,513d6ca7fdc9f0358700500b,42.395633,-71.02118999999999
1456,513d7d24fdc9f0358700710c,40.644605,-73.92282399999999
1458,513d7a2ffdc9f03587006744,40.759637,-73.82133499999998
1459,513d7a3cfdc9f0358700676b,40.661087,-73.92787800000002
1461,513d68eafdc9f0358700453e,42.318949,-71.10904800000003
1463,513d784cfdc9f03587006101,40.670893,-73.92039799999998
1464,513d69e3fdc9f035870048aa,42.40558,-71.07988999999998
1465,513d7c7bfdc9f03587006eec,40.754921,-73.98777000000001
1466,513d9d96fdc9f0358700810f,40.624832,-73.90733399999999
1468,513d9b98fdc9f03587007a71,40.740948,-73.900508
1469,513d9bcefdc9f03587007b1b,40.669462,-73.931063
1470,513d9e6dfdc9f035870083e1,40.714144,-73.99022400000001
1471,513d9bd3fdc9f03587007b28,40.834051,-73.92461500000002
1472,513d7ccbfdc9f03587006fed,40.586411,-73.96017899999998
1473,513d7c35fdc9f03587006e06,40.900366,-73.809729
1474,513d9d6ffdc9f03587008085,40.805827,-73.84915899999999
1475,513d7ae2fdc9f035870069a2,40.769661,-73.98387100000002
1476,513d685bfdc9f03587004341,42.407103,-71.04269599999998
1477,513d9a93fdc9f03587007718,40.664385,-73.85179199999999
1478,513d9a86fdc9f035870076f2,40.9062,-73.90602200000001
1480,513d6b39fdc9f03587004c84,42.314802,-71.14197899999999
1481,513d6a9ffdc9f03587004af5,42.337435,-71.09679900000003
1482,513d7b81fdc9f03587006bb8,40.783222,-73.84539799999999
1483,513d7c1bfdc9f03587006dac,40.722877,-73.97778700000003
1484,513d7b05fdc9f03587006a0d,40.875714,-73.84362699999997
1485,513d698dfdc9f03587004788,42.286133,-71.10468700000001
1486,513d6c5cfdc9f03587004f55,42.343471,-71.10285299999998
1487,513d68d5fdc9f035870044f0,42.387512,-71.07221099999998
1488,513d7c65fdc9f03587006e99,40.616319,-73.897134
1489,513d9e5ffdc9f035870083af,40.711679,-73.91966400000001
1491,513d6b45fdc9f03587004c9d,42.384855,-71.083053
1493,513d9f45fdc9f035870086b5,40.736401,-73.889523
1494,513d9c38fdc9f03587007c79,40.704655,-73.95002799999997
1495,513d7c65fdc9f03587006e9c,40.651837,-73.91392200000001
1496,513d7a2bfdc9f03587006739,40.858316,-73.83437300000003
1498,513d9c72fdc9f03587007d3e,40.670076,-73.972306
1499,513d9acefdc9f035870077ed,40.762279,-73.983543
1500,513d7b7ffdc9f03587006baf,40.873821,-73.82430499999998
1501,513d7dc2fdc9f03587007274,40.666452,-73.849447
1503,513d7e2dfdc9f03587007351,40.775884,-73.91285600000003
1505,513d7d35fdc9f03587007144,40.696297,-73.851698
1506,513d9e01fdc9f0358700827d,40.782244,-73.928519
1507,513d7dc2fdc9f03587007272,40.637634,-73.99796100000003
1508,513d689bfdc9f03587004424,42.325881,-71.05671000000001
1509,513d7f7bfdc9f03587007605,40.828097,-73.93377399999997
1511,513d78b4fdc9f03587006260,40.76934,-73.83606600000002
1513,513d9e1dfdc9f035870082d5,40.863195,-73.83705099999997
1514,513d6962fdc9f035870046e8,42.386182,-71.03087800000003
1517,513d9ad1fdc9f035870077f8,40.80897,-73.92254300000002
1518,513d7992fdc9f0358700653e,40.818816,-73.87018599999999
1519,513d6abffdc9f03587004b4b,42.335119,-71.07042999999999
1521,513d7836fdc9f035870060b5,40.629874,-73.96905700000002
1522,513d7ce8fdc9f0358700704d,40.777967,-73.81539199999997
1523,513d6aacfdc9f03587004b18,42.302373,-71.074881
1524,513d9e45fdc9f03587008363,40.915756,-73.84105999999997
1525,513d9cfefdc9f03587007f19,40.827561,-73.82323100000002
1526,513d7d40fdc9f03587007162,40.732851,-73.90196300000002
1527,513d7eaffdc9f03587007461,40.729685,-73.91921200000002
1528,513d7bc2fdc9f03587006c89,40.698366,-73.808787
1530,513d9eaafdc9f035870084aa,40.661227,-73.812858
1531,513d6a44fdc9f035870049f7,42.313063,-71.05453499999999
1536,513d7e6dfdc9f035870073db,40.74527,-74.002408
1537,513d7beffdc9f03587006d19,40.605336,-73.91768200000001
1538,513d78dffdc9f035870062fb,40.674901,-73.80041
1539,513d7d94fdc9f03587007214,40.795108,-73.846429
1540,513d7cabfdc9f03587006f85,40.864964,-73.859194
1542,513d6a16fdc9f03587004957,42.333302,-71.118786
1544,513d7a7efdc9f03587006854,40.596341,-74.00107400000002
1545,513d68e2fdc9f03587004521,42.407647,-71.050814
1546,513d7d42fdc9f03587007168,40.585391,-73.95761299999998
1548,513d9d6cfdc9f0358700807e,40.691409,-73.90495399999998
1549,513d7b58fdc9f03587006b28,40.856545,-73.833325
1550,513d7b12fdc9f03587006a3a,40.839737,-73.84296899999998
1551,513d7a1dfdc9f0358700670b,40.623778,-73.91601800000001
1553,513d7d64fdc9f035870071b3,40.667536,-73.772807
1554,513d69eefdc9f035870048d4,42.329373,-71.115229
1556,513d9af7fdc9f0358700786d,40.6695,-73.99044200000003
1557,513d6864fdc9f0358700435f,42.398564,-71.08879200000001
1558,513d9d07fdc9f03587007f38,40.633673,-73.90495599999997
1560,513d69c3fdc9f03587004844,42.415396,-71.03215
1561,513d9b48fdc9f0358700797b,40.653781,-74.01563099999998
1562,513d7c42fdc9f03587006e33,40.652425,-73.813129
1564,513d7a54fdc9f035870067c2,40.786369,-73.821192
1565,513d6abefdc9f03587004b47,42.355103,-71.128332
1566,513d9edffdc9f03587008559,40.664298,-73.88628
1567,513d6b65fdc9f03587004ced,42.293702,-71.080554
1569,513d7992fdc9f03587006541,40.640499,-74.025846
1573,513d79b0fdc9f035870065a2,40.663556,-73.99103300000002
1575,513d6784fdc9f035870040c8,42.342805,-71.071553
1576,513d783dfdc9f035870060cf,40.882229,-73.91771900000003
1578,513d78dafdc9f035870062e3,40.804928,-73.87172499999997
1580,513d6abdfdc9f03587004b42,42.373515,-71.10421400000001
1582,513d67fdfdc9f035870041fd,42.357026,-71.05158799999998
1584,513d7a55fdc9f035870067c4,40.734485,-73.86798199999998
1585,513d696efdc9f03587004716,42.4021,-71.04381699999999
1586,513d7d68fdc9f035870071bb,40.644507,-74.01470899999998
1587,513d6bcbfdc9f03587004de2,42.332804,-71.13057600000002
1588,513d6aa4fdc9f03587004b05,42.417977,-71.06234699999999
1589,513d7de4fdc9f035870072be,40.812477,-73.91397899999998
1591,513d67fffdc9f03587004202,42.423511,-71.06602199999998
1592,513d6976fdc9f03587004732,42.344403,-71.15289100000001
1593,513d6823fdc9f0358700427f,42.379138,-71.13782100000003
1595,513d79bafdc9f035870065c1,40.578094,-74.00346400000001
1596,513d6a04fdc9f03587004916,42.412193,-71.13092599999999
1597,513d6b9cfdc9f03587004d74,42.368631,-70.98699799999997
1598,513d7f23fdc9f0358700755d,40.695339,-73.85261700000001
1599,513d9e2afdc9f03587008306,40.626944,-73.91907200000003
1601,513d9d2efdc9f03587007fab,40.800966,-73.917532
1603,513d7ef5fdc9f035870074fa,40.775576,-73.942591
1604,513d7826fdc9f0358700607e,40.676258,-73.908299
1605,513d9b02fdc9f0358700788e,40.73408,-73.99886800000002
1607,513d795efdc9f03587006494,40.650714,-73.905753
1608,513d7b6efdc9f03587006b70,40.654244,-74.000809
1609,513d7cccfdc9f03587006ff2,40.783209,-73.96387900000002
1610,513d78effdc9f03587006330,40.699425,-73.794398
1613,513d78aafdc9f0358700623c,40.899695,-73.87954200000001
1615,513d9c84fdc9f03587007d7e,40.74574,-73.83042499999999
1616,513d9ac7fdc9f035870077d3,40.680141,-73.90164900000002
1617,513d9bdffdc9f03587007b54,40.625394,-73.98738500000002
1618,513d7d4cfdc9f03587007185,40.841804,-73.85862199999997
1620,513d78a5fdc9f0358700622e,40.889774,-73.827537
1621,513d788ffdc9f035870061e0,40.800524,-73.96936299999999
1623,513d9d7efdc9f035870080bb,40.669702,-73.93381799999997
1624,513d7a71fdc9f03587006828,40.746656,-73.943984
1625,513d9f1ffdc9f0358700863b,40.604138,-74.01334600000001
1626,513d7e59fdc9f035870073b2,40.685259,-73.89426400000002
1627,513d7f6dfdc9f035870075ec,40.650073,-73.84532200000001
1629,513d68a6fdc9f0358700444f,42.416376,-70.99723399999999
1630,513d6c33fdc9f03587004eee,42.38857,-70.979153
1631,513d682efdc9f035870042a3,42.37994,-71.062547
1634,513d9ed3fdc9f0358700852c,40.863777,-73.82190000000003
1638,513d9b2afdc9f0358700790b,40.851883,-73.83465999999999
1639,513d9c26fdc9f03587007c3d,40.903158,-73.81845599999997
1640,513d7bc3fdc9f03587006c90,40.669215,-73.79548
1641,513d7c70fdc9f03587006ec6,40.769225,-73.98673200000002
1642,513d681afdc9f0358700425e,42.291651,-71.111941
1643,513d7a6efdc9f0358700681d,40.713842,-73.87166200000001
1644,513d6c0bfdc9f03587004e84,42.370698,-71.03315399999997
1646,513d68b4fdc9f0358700447f,42.282082,-71.05862300000001
1648,513d7ce1fdc9f03587007037,40.743193,-73.84681999999998
1649,513d9ad1fdc9f035870077f9,40.669235,-73.93881199999998
1651,513d69e0fdc9f035870048a2,42.285141,-71.09346900000003
1653,513d9bd0fdc9f03587007b23,40.61755,-74.03473400000001
1654,513d9b78fdc9f03587007a0a,40.690236,-73.99992700000001
1655,513d6a2ffdc9f035870049ad,42.383073,-70.98516699999999
1656,513d781efdc9f03587006060,40.770722,-73.94707199999999
1657,513d6c63fdc9f03587004f64,42.387876,-71.07596699999999
1658,513d9af6fdc9f03587007868,40.874576,-73.92761200000001
1659,513d6be7fdc9f03587004e2a,42.34919,-71.149585
1660,513d7ed6fdc9f035870074b5,40.856199,-73.939707
1661,513d7c22fdc9f03587006dc5,40.738561,-73.92246699999998
1664,513d9cdffdc9f03587007eb7,40.755495,-73.868695
1665,513d6a46fdc9f035870049ff,42.356641,-71.15871800000002
1666,513d9aaafdc9f0358700776f,40.744884,-73.84720099999998
1667,513d67e0fdc9f035870041ae,42.380935,-71.02275500000002
1668,513d68effdc9f0358700454e,42.371439,-71.09955300000001
1670,513d9c23fdc9f03587007c33,40.634701,-73.880789
1672,513d9f4bfdc9f035870086c9,40.613253,-73.916831
1674,513d6a39fdc9f035870049cf,42.412688,-71.115928
1676,513d7d74fdc9f035870071cf,40.665045,-73.855951
1678,513d7bd5fdc9f03587006cc6,40.672783,-73.93823199999997
1679,513d7cb4fdc9f03587006f9e,40.63459,-73.89838299999997
1680,513d7e05fdc9f03587007305,40.83807,-73.86358999999999
1681,513d7e23fdc9f0358700733a,40.744156,-73.93557900000002
1683,513d9d0bfdc9f03587007f40,40.707806,-73.83439299999998
1684,513d9ab0fdc9f0358700778a,40.659059,-73.95578899999998
1686,513d9e8cfdc9f03587008449,40.616981,-74.02380299999999
1687,513d6806fdc9f0358700421c,42.375162,-71.09806300000002
1688,513d7c51fdc9f03587006e60,40.757634,-73.83687399999997
1689,513d6afffdc9f03587004bed,42.375421,-70.99532299999998
1690,513d7c1ffdc9f03587006dba,40.737697,-73.92184700000001
1691,513d9d56fdc9f03587008030,40.753709,-73.83383200000003
1692,513d7a28fdc9f03587006730,40.678566,-73.823263
1694,513d9b09fdc9f035870078a7,40.695131,-73.951347
1695,513d9b40fdc9f03587007959,40.835668,-73.93548699999997
1696,513d7b64fdc9f03587006b54,40.851873,-73.85377299999999
1697,513d6adbfdc9f03587004b91,42.295082,-71.11893299999997
1698,513d9f27fdc9f03587008656,40.580721,-73.96459400000003
1699,513d9d71fdc9f0358700808c,40.848532,-73.816665
1702,513d6a98fdc9f03587004ae2,42.341445,-71.12079499999999
1703,513d6b0dfdc9f03587004c16,42.377892,-71.169894
1706,513d68befdc9f035870044a9,42.350088,-71.133397
1707,513d7851fdc9f03587006115,40.818293,-73.86951999999997
1708,513d7d87fdc9f035870071f7,40.696657,-73.85875199999998
1709,513d9c28fdc9f03587007c44,40.689523,-73.918184
1710,513d7876fdc9f03587006191,40.840061,-73.84274199999999
1712,513d7c14fdc9f03587006d94,40.689033,-73.89016200000003
1714,513d7d2afdc9f0358700711e,40.691747,-73.89170999999999
1715,513d9b84fdc9f03587007a34,40.637154,-73.93341800000002
1716,513d9baefdc9f03587007aba,40.861479,-73.868492
1718,513d78dffdc9f035870062fa,40.872368,-73.91937300000001
1719,513d7d3ffdc9f03587007161,40.671258,-73.943266
1720,513d9c81fdc9f03587007d71,40.81628,-73.91837900000002
1721,513d9e49fdc9f0358700836d,40.86593,-73.90090600000002
1723,513d6c9afdc9f03587004fe9,42.378302,-71.116447
1725,513d9e23fdc9f035870082f1,40.919813,-73.87326000000002
1726,513d7aedfdc9f035870069be,40.585755,-73.96765600000003
1728,513d9c02fdc9f03587007bcf,40.577449,-73.99810200000002
1733,513d9f01fdc9f035870085d3,40.679705,-73.853655
1734,513d7f6ffdc9f035870075f0,40.767204,-73.97717999999998
1735,513d9c83fdc9f03587007d7a,40.722356,-73.93805700000001
1736,513d7cd4fdc9f03587007010,40.892418,-73.85668099999998
1737,513d7d9cfdc9f03587007225,40.865592,-73.93113900000003
1739,513d7b3afdc9f03587006abd,40.705044,-73.79457400000001
1740,513d7821fdc9f0358700606c,40.636029,-73.95137399999999
1743,513d78ecfdc9f03587006327,40.744846,-73.88448800000003
1745,513d9ca9fdc9f03587007dff,40.635617,-73.99008000000003
1746,513d9baefdc9f03587007abb,40.763517,-73.81505400000003
1747,513d6926fdc9f0358700461e,42.334034,-71.07275600000003
1749,513d780efdc9f03587006033,40.647216,-73.971092
1750,513d9e6afdc9f035870083d5,40.841672,-73.83091100000001
1751,513d697efdc9f03587004757,42.34509,-71.10890899999998
1752,513d9b4afdc9f03587007981,40.666147,-73.890513
1759,513d6b93fdc9f03587004d5c,42.371167,-71.09261300000003
1761,513d7cf9fdc9f03587007082,40.611275,-74.032444
1764,513d7ce9fdc9f03587007051,40.648438,-73.96564000000001
1767,513d6944fdc9f0358700467e,42.424786,-71.039759
1768,513d7cacfdc9f03587006f87,40.727346,-73.95486699999998
1769,513d6abbfdc9f03587004b3e,42.427557,-71.028032
1770,513d7bcefdc9f03587006cb0,40.615753,-73.92654500000003
1771,513d6855fdc9f0358700432b,42.387268,-71.08215899999999
1773,513d7d4cfdc9f03587007186,40.69563,-73.85139700000002
1774,513d6c5bfdc9f03587004f51,42.426929,-71.07725099999999
1776,513d7b63fdc9f03587006b51,40.732553,-74.00104699999997
1777,513d7dc1fdc9f0358700726f,40.716896,-73.83441600000003
1778,513d9d5cfdc9f03587008044,40.655806,-73.79537700000003
1779,513d9d53fdc9f03587008022,40.672069,-74.010404
1780,513d780afdc9f03587006020,40.894465,-73.910056
1782,513d7cf6fdc9f0358700707a,40.704364,-73.98504200000002
1783,513d9d63fdc9f0358700805f,40.901431,-73.85081500000001
1784,513d6a1afdc9f03587004968,42.398448,-71.09278799999998
1785,513d699ffdc9f035870047c4,42.357972,-71.166405
1789,513d6badfdc9f03587004d9f,42.27509,-71.06312100000002
1790,513d9ed8fdc9f0358700853b,40.789873,-73.958302
1791,513d7e04fdc9f03587007303,40.845952,-73.845461
1792,513d7a14fdc9f035870066eb,40.745083,-73.9067
1793,513d7c4dfdc9f03587006e52,40.684689,-73.79272000000003
1795,513d7b08fdc9f03587006a1b,40.80678,-73.96095100000002
1797,513d6c57fdc9f03587004f46,42.417583,-71.117548
1798,513d78c0fdc9f0358700628b,40.869556,-73.85883899999999
1800,513d6ae7fdc9f03587004bb0,42.281453,-71.09558900000002
1801,513d9b20fdc9f035870078ef,40.81019,-73.96221400000002
1802,513d9e6ffdc9f035870083e6,40.829481,-73.85362299999997
1805,513d9c49fdc9f03587007cb1,40.661028,-73.89488900000003
1806,513d7f3ffdc9f03587007596,40.662458,-73.96194600000001
1807,513d9cf2fdc9f03587007ef5,40.891176,-73.81080600000001
1811,513d6c06fdc9f03587004e76,42.3655,-71.168092
1812,513d7f40fdc9f03587007597,40.710744,-73.89773000000002
1813,513d9bc1fdc9f03587007af6,40.741967,-73.906767
1814,513d7857fdc9f03587006127,40.690023,-73.94360699999999
1815,513d685ffdc9f03587004350,42.375445,-71.07342800000004
1816,513d6897fdc9f03587004416,42.392772,-71.12821500000001
1817,513d7880fdc9f035870061b2,40.737862,-73.98669999999998
1820,513d9a80fdc9f035870076e6,40.675164,-73.80350299999998
1821,513d7a51fdc9f035870067b5,40.751345,-73.82511199999999
1822,513d6b3afdc9f03587004c86,42.358997,-71.09720600000003
1823,513d6ac9fdc9f03587004b64,42.302697,-71.111174
1824,513d7a23fdc9f0358700671e,40.675291,-73.89053100000001
1825,513d7a68fdc9f03587006807,40.815762,-73.92142899999999
1827,513d6b6cfdc9f03587004cfc,42.32272,-71.087896
1830,513d7b70fdc9f03587006b76,40.722592,-73.95646999999997
1837,513d7cf1fdc9f03587007067,40.870284,-73.92037099999999
1838,513d6a60fdc9f03587004a51,42.377461,-71.036092
1839,513d692efdc9f03587004635,42.293741,-71.120361
1842,513d6b32fdc9f03587004c75,42.289318,-71.08946200000003
1845,513d9b5bfdc9f035870079b3,40.748981,-73.84975800000001
1846,513d7a42fdc9f03587006780,40.646931,-73.996734
1848,513d6ca8fdc9f0358700500f,42.361483,-71.09213699999998
1851,513d9beffdc9f03587007b89,40.666686,-73.83991700000001
1853,513d6be0fdc9f03587004e1b,42.397144,-71.127002
1855,513d7f27fdc9f03587007563,40.733151,-73.85938699999997
1856,513d696dfdc9f0358700470e,42.418632,-71.04242499999998
1858,513d678afdc9f035870040d8,42.336409,-71.10807199999999
1859,513d7b3cfdc9f03587006ac3,40.679814,-73.98303199999998
1861,513d6aa3fdc9f03587004aff,42.389613,-71.071146
1863,513d7a99fdc9f035870068b7,40.65344,-73.90756399999998
1864,513d6c77fdc9f03587004f92,42.368515,-71.059751
1866,513d69d7fdc9f0358700488d,42.387268,-71.08215899999999
1867,513d67f0fdc9f035870041d7,42.388312,-70.99713500000001
1870,513d7d1efdc9f035870070f4,40.71608,-73.87904100000003
1873,513d7bf9fdc9f03587006d37,40.620364,-74.035281
1877,513d7913fdc9f035870063a9,40.67837,-73.91254300000003
1878,513d7e03fdc9f03587007301,40.737584,-73.99329499999999
1879,513d9c64fdc9f03587007d0f,40.700518,-73.84824200000003
1880,513d7829fdc9f03587006089,40.781415,-73.84232500000002
1881,513d9ab1fdc9f0358700778c,40.668803,-73.79749800000002
1882,513d6ac1fdc9f03587004b51,42.33299,-71.09557899999999
1883,513d9e3cfdc9f03587008346,40.786691,-73.84382800000003
1884,513d9edcfdc9f0358700854d,40.725497,-73.88002499999999
1885,513d6c10fdc9f03587004e8d,42.419993,-71.07227799999998
1886,513d9c3ffdc9f03587007c8f,40.779914,-73.90921200000003
1892,513d9badfdc9f03587007ab7,40.795841,-73.969064
1897,513d9a84fdc9f035870076ee,40.684349,-74.00016199999999
1899,513d7acafdc9f03587006953,40.600965,-73.90123599999998
1900,513d9df8fdc9f03587008262,40.660317,-73.984217
1901,513d9a76fdc9f035870076d5,40.880198,-73.84810199999998
1902,513d7f6bfdc9f035870075e8,40.832674,-73.92190600000004
1903,513d9cddfdc9f03587007eac,40.632829,-73.96087
1904,513d6a4afdc9f03587004a0a,42.371631,-71.098029
1905,513d7f4dfdc9f035870075ac,40.615924,-73.928519
1906,513d9a72fdc9f035870076ce,40.637953,-73.98638900000003
1907,513d6b20fdc9f03587004c49,42.401156,-71.01369499999998
1908,513d6a09fdc9f03587004926,42.392558,-71.11528699999997
